track_id,track_name,track_artist,track_popularity,track_album_release_date,danceability,energy,key,loudness,mode,valence,tempo,duration_ms,song_percentile,duration_min
2XU0oxnq2qxCpomAAuJY8K,Dance Monkey,Tones and I,100,2019-10-17,0.824,0.588,6,-6.4,0,0.513,98.027,209438,100,3.4906333333333333
696DnlkuDOXcMAnKlTgXXK,ROXANNE,Arizona Zervas,99,2019-10-10,0.621,0.601,6,-5.616,0,0.457,116.735,163636,99.98543335761107,2.7272666666666665
7k4t7uLgtOxPwTpFmtJNTY,Tusa,KAROL G,98,2019-11-07,0.803,0.715,2,-3.28,1,0.574,101.085,200960,99.91260014566642,3.3493333333333335
2b8fOow8UzyDFAE27YhOZM,Memories,Maroon 5,98,2019-09-20,0.764,0.32,11,-7.209,1,0.575,91.019,189486,99.91260014566642,3.1581
0sf12qNH5qcw8qpgymFOqD,Blinding Lights,The Weeknd,98,2019-11-29,0.513,0.796,1,-4.075,1,0.345,171.017,201573,99.91260014566642,3.35955
21jGcNKet2qwijlDFuPiPb,Circles,Post Malone,98,2019-09-06,0.695,0.762,0,-3.497,1,0.553,120.042,215280,99.91260014566642,3.588
0nbXyq5TXYPCO7pr3N8S4I,The Box,Roddy Ricch,98,2019-12-06,0.896,0.586,10,-6.687,0,0.642,116.971,196653,99.91260014566642,3.27755
3ZCTVFBt2Brf31RLEnCkWJ,everything i wanted,Billie Eilish,97,2019-11-13,0.704,0.225,6,-14.454,0,0.243,120.006,245426,99.88346686088857,4.090433333333333
6WrI0LAC5M1Rw2MnX2ZvEg,Don't Start Now,Dua Lipa,97,2019-10-31,0.794,0.793,11,-4.521,0,0.677,123.941,183290,99.88346686088857,3.0548333333333333
6cy3ki60hLwimwIje7tALf,RITMO (Bad Boys For Life),The Black Eyed Peas,96,2019-10-12,0.721,0.716,10,-7.037,0,0.667,104.994,221714,99.86890021849963,3.6952333333333334
2Fxmhks0bxGSBdJ92vM42m,bad guy,Billie Eilish,95,2019-03-29,0.701,0.425,7,-10.965,1,0.562,135.128,194088,99.8543335761107,3.2348
2tnVG71enUj33Ic2nFN6kZ,Ride It,Regard,94,2019-07-26,0.88,0.751,7,-4.258,0,0.884,117.948,157606,99.78150036416606,2.6267666666666667
7qEHsqek33rTcFNT9PFqLf,Someone You Loved,Lewis Capaldi,94,2019-05-17,0.501,0.405,1,-5.679,1,0.446,109.891,182161,99.78150036416606,3.036016666666667
3eekarcy7kvN4yt5ZFzltW,HIGHEST IN THE ROOM,Travis Scott,94,2019-10-04,0.598,0.427,7,-8.764,0,0.0605,76.469,175721,99.78150036416606,2.9286833333333333
7aiClxsDWFRQ0Kzk5KI5ku,hot girl bummer,blackbear,94,2019-08-23,0.778,0.559,6,-7.109,0,0.678,129.989,185093,99.78150036416606,3.0848833333333334
3yOlyBJuViE2YSGn3nVE1K,My Oh My (feat. DaBaby),Camila Cabello,94,2019-12-06,0.724,0.491,8,-6.024,1,0.383,105.046,170746,99.78150036416606,2.8457666666666666
2ksOAxtIxY8yElEWw8RhgK,China,Anuel AA,93,2019-07-19,0.786,0.808,7,-3.702,1,0.609,105.027,301714,99.69410050983248,5.028566666666666
0TK2YIli7K1leLovkQiNik,Señorita,Shawn Mendes,93,2019-06-21,0.759,0.54,9,-6.039,0,0.75,116.947,190960,99.69410050983248,3.1826666666666665
57vxBYXtHMk6H1aD29V7PU,Heartless,The Weeknd,93,2019-11-27,0.531,0.75,10,-5.831,0,0.198,169.954,200080,99.69410050983248,3.3346666666666667
1HfMVBKM75vxSfsQ5VefZ5,Lose You To Love Me,Selena Gomez,93,2019-10-23,0.505,0.34,4,-9.005,1,0.0916,101.993,206459,99.69410050983248,3.4409833333333335
6Ozh9Ok6h4Oi1wUSLtBseN,BOP,DaBaby,93,2019-09-27,0.769,0.787,11,-3.909,1,0.836,126.77,159715,99.69410050983248,2.6619166666666665
5DxXgozhkPLgrbKFY91w0c,Vete,Bad Bunny,93,2019-11-21,0.886,0.672,1,-4.394,1,0.526,91.976,192024,99.69410050983248,3.2004
6Gg1gjgKi2AK4e0qzsR7sd,Bandit (with YoungBoy Never Broke Again),Juice WRLD,92,2019-10-04,0.474,0.631,5,-5.884,0,0.425,180.051,189323,99.63583394027677,3.1553833333333334
5ZULALImTm80tzUbYQYM9d,Dance Monkey,Tones and I,92,2019-08-29,0.824,0.588,6,-6.4,0,0.513,98.027,209438,99.63583394027677,3.4906333333333333
6mAN61JH0dzyZpWslS11jy,Fantasias,Rauw Alejandro,92,2019-08-29,0.879,0.703,1,-4.219,1,0.788,94.004,199711,99.63583394027677,3.328516666666667
3VyjsVV24RmBIbWJAeUJNu,No Idea,Don Toliver,92,2019-05-29,0.656,0.614,6,-4.973,0,0.35,128.038,153750,99.63583394027677,2.5625
7CHi4DtfK4heMlQaudCuHK,Lose Control,MEDUZA,91,2019-10-11,0.598,0.526,10,-8.659,0,0.529,123.935,168387,99.5047341587764,2.80645
0fea68AdmYNygeTGI4RC18,LA CANCIÓN,J Balvin,91,2019-06-28,0.754,0.646,7,-5.795,1,0.429,176.089,242573,99.5047341587764,4.042883333333333
1M4qEo4HE3PRaCOM7EXNJq,Adore You,Harry Styles,91,2019-12-06,0.676,0.771,8,-3.675,1,0.569,99.048,207133,99.5047341587764,3.4522166666666667
2wrJq5XKLnmhRXHIAf9xBa,"10,000 Hours (with Justin Bieber)",Dan + Shay,91,2019-10-04,0.654,0.63,10,-4.644,1,0.43,89.991,167693,99.5047341587764,2.7948833333333334
6b2RcmUt1g9N9mQ3CbjX2Y,How Do You Sleep?,Sam Smith,91,2019-07-19,0.477,0.682,1,-4.931,0,0.345,110.567,202205,99.5047341587764,3.3700833333333335
4vUmTMuQqjdnvlZmAH61Qk,South of the Border (feat. Camila Cabello & Cardi B),Ed Sheeran,91,2019-07-12,0.857,0.621,9,-6.376,0,0.668,97.986,204467,99.5047341587764,3.407783333333333
51Fjme0JiitpyXKuyQiCDo,Lalala,Y2K,91,2019-06-28,0.843,0.391,2,-7.899,1,0.496,129.972,160627,99.5047341587764,2.6771166666666666
6LcauUZjF1eXQrgqMUecHX,Ayy Macarena,Tyga,91,2019-11-13,0.816,0.63,2,-5.568,1,0.715,96.493,131607,99.5047341587764,2.19345
2Ec33AVlkTTq8BHFgBTdQs,Futsal Shuffle 2020,Lil Uzi Vert,91,2019-12-12,0.881,0.457,7,-8.191,0,0.296,136.97,198913,99.5047341587764,3.3152166666666667
6RyaV7owmVU6fzEPE17sF1,Que Tire Pa Lante,Daddy Yankee,90,2019-10-18,0.658,0.901,7,-2.814,1,0.708,93.979,210520,99.300801165331393,3.5086666666666666
3jbT1Y5MoPwEIpZndDDwVq,Adicto (with Anuel AA & Ozuna),Tainy,90,2019-08-22,0.734,0.836,10,-4.803,0,0.623,80.002,270741,99.300801165331393,4.51235
7ce20yLkzuXXLUhzIDoZih,Before You Go,Lewis Capaldi,90,2019-11-19,0.459,0.575,3,-4.858,1,0.183,111.881,215107,99.300801165331393,3.5851166666666665
1iQDltZqI7BXnHrFy4Qo1k,Trampoline (with ZAYN),SHAED,90,2019-09-26,0.619,0.459,7,-5.782,0,0.498,126.803,184280,99.300801165331393,3.0713333333333335
1lOe9qE0vR9zwWQAOk6CoO,Ransom,Lil Tecca,90,2019-08-30,0.745,0.642,7,-6.257,0,0.226,179.974,131240,99.300801165331393,2.187333333333333
2TH65lNHgvLxCKXM3apjxI,Callaita,Bad Bunny,90,2019-05-31,0.61,0.624,2,-4.773,1,0.244,176.169,250534,99.300801165331393,4.175566666666667
1e9oZCCiX42nJl0AcqriVo,Watermelon Sugar,Harry Styles,90,2019-11-17,0.548,0.816,0,-4.209,1,0.557,95.39,174000,99.300801165331393,2.9
6ocbgoVGwYJhOv1GgI9NsF,7 rings,Ariana Grande,90,2019-02-08,0.778,0.317,1,-10.732,0,0.327,140.048,178627,99.300801165331393,2.977116666666667
3HVWdVOQ0ZA45FuZGSfvns,I Don't Care (with Justin Bieber),Ed Sheeran,90,2019-05-10,0.798,0.675,6,-5.041,1,0.842,101.956,219947,99.300801165331393,3.665783333333333
1iSqfoUFnQwV0QW1EfUit8,Suicidal,YNW Melly,90,2019-11-22,0.736,0.369,9,-9.682,0,0.235,140.005,222997,99.300801165331393,3.7166166666666665
3QzAOrNlsabgbMwlZt7TAY,Ballin' (with Roddy Ricch),Mustard,90,2019-06-28,0.809,0.545,7,-6.678,1,0.244,97.008,180435,99.300801165331393,3.00725
7sQKy5vlPQllr0k9IjYJv3,Sigues Con El,Dimelo Flow,90,2019-12-13,0.883,0.668,9,-2.957,1,0.676,87.972,226533,99.300801165331393,3.77555
0t3ZvGKlmYmVsDzBJAXK8C,Goodbyes (feat. Young Thug),Post Malone,90,2019-09-06,0.548,0.653,5,-3.875,1,0.163,150.068,174853,99.300801165331393,2.9142166666666665
2pWOMNQJW3g2zmGjP0Vkb0,Whine Up,Nicky Jam,90,2019-11-01,0.817,0.665,9,-6.224,0,0.662,104.957,215460,99.300801165331393,3.591
2W4yABdLc4Jnds67Poi5Nl,Yellow Hearts,Ant Saunders,89,2019-06-18,0.865,0.438,7,-8.943,1,0.695,129.038,223258,99.24253459577568,3.7209666666666665
4evmHXcjt3bTUHD1cvny97,Beautiful People (feat. Khalid),Ed Sheeran,89,2019-06-28,0.64,0.648,5,-8.113,0,0.548,92.977,197867,99.24253459577568,3.2977833333333333
5DqdesEfbRyOlSS3Tf6c29,It's You,Ali Gatie,89,2019-11-08,0.732,0.463,11,-6.972,0,0.397,95.971,212607,99.24253459577568,3.54345
37zdqI4r1gswIzczSBkRon,Aventura,Lunay,89,2019-10-25,0.729,0.726,5,-3.208,1,0.876,92.025,217130,99.24253459577568,3.6188333333333333
59s0s39NFWScuHDbHytI14,Indeciso,Reik,88,2019-08-23,0.738,0.748,0,-4.902,1,0.896,94.949,217253,98.93663510560816,3.6208833333333335
2rc7BkzO8qepMFAxHtOrXc,Blanco,J Balvin,88,2019-11-15,0.87,0.706,9,-5.395,0,0.593,100.013,145800,98.93663510560816,2.43
6v3KW9xbzN5yKLt9YKDYA2,Señorita,Shawn Mendes,88,2019-06-19,0.759,0.548,9,-6.049,0,0.749,116.967,190800,98.93663510560816,3.18
6osaMSJh9NguagEDQcZaKx,Loco Contigo (feat. J. Balvin & Tyga),DJ Snake,88,2019-07-25,0.694,0.758,11,-2.986,1,0.371,192.091,185195,98.93663510560816,3.0865833333333335
6Y4PDQv4XjYjHLeLmvyOt0,Si Te Vas,Sech,88,2019-09-26,0.732,0.644,0,-4.124,1,0.554,174.1,204907,98.93663510560816,3.4151166666666666
7BlBVFwvbWvcwNcUarQmjk,"Yo x Ti, Tu x Mi",ROSALÍA,88,2019-08-15,0.78,0.759,1,-3.292,1,0.579,91.952,201040,98.93663510560816,3.3506666666666667
5a6pdCHlWS2ekOOQ70QnAr,July,Noah Cyrus,88,2019-07-31,0.708,0.186,9,-8.953,0,0.321,72.541,156107,98.93663510560816,2.601783333333333
2kJwzbxV2ppxnQoYw4GLBZ,If The World Was Ending (feat. Julia Michaels),JP Saxe,88,2019-10-17,0.464,0.473,1,-10.086,1,0.604,75.801,208687,98.93663510560816,3.4781166666666667
3jjujdWJ72nww5eGnfs2E7,Adore You,Harry Styles,88,2019-12-13,0.676,0.771,8,-3.675,1,0.569,99.048,207133,98.93663510560816,3.4522166666666667
6kls8cSlUyHW2BUOkDJIZE,Hate Me (with Juice WRLD),Ellie Goulding,88,2019-06-26,0.657,0.768,8,-4.628,1,0.759,75.025,186223,98.93663510560816,3.1037166666666667
598yNsG1JFrGd4n2kMoz7F,Woah,Lil Baby,88,2019-11-08,0.882,0.602,11,-5.554,1,0.43,142.959,183011,98.93663510560816,3.0501833333333335
0fySG6A6qLE8IvDpayb5bM,VIBEZ,DaBaby,88,2019-09-27,0.768,0.652,1,-2.708,0,0.777,154.187,144935,98.93663510560816,2.415583333333333
5ry2OE6R2zPQFDO85XkgRb,Money In The Grave (Drake ft. Rick Ross),Drake,88,2019-06-15,0.831,0.502,10,-4.045,0,0.101,100.541,205427,98.93663510560816,3.423783333333333
6U0FIYXCQ3TGrk4tFpLrEA,SUGAR,BROCKHAMPTON,88,2019-08-23,0.453,0.538,1,-8.212,1,0.516,122.973,204533,98.93663510560816,3.4088833333333333
6Hj9jySrnFppAI0sEMCZpJ,Robbery,Juice WRLD,88,2019-03-08,0.685,0.692,2,-5.122,1,0.578,159.966,240051,98.93663510560816,4.00085
1nocRtwyNPVtGcIJqfgdzZ,Tutu,Camilo,88,2019-08-09,0.731,0.832,9,-2.592,1,0.94,146.013,178613,98.93663510560816,2.9768833333333333
3Dv1eDb0MEgF93GpLXlucZ,Say So,Doja Cat,88,2019-11-07,0.787,0.673,11,-4.577,0,0.786,110.962,237893,98.93663510560816,3.9648833333333333
1DFD5Fotzgn6yYXkYsKiGs,Piece Of Your Heart,MEDUZA,88,2019-02-01,0.677,0.744,10,-6.806,0,0.631,124.08,152913,98.93663510560816,2.54855
5Id5B3dxJZhPcV9GzgYZZe,Quizas,Rich Music LTD,88,2019-10-11,0.727,0.815,3,-2.454,1,0.677,176.075,216067,98.93663510560816,3.6011166666666665
4QPEwDdOMhY7rNS05mTyMR,Own It (feat. Ed Sheeran & Burna Boy),Stormzy,88,2019-12-13,0.817,0.781,7,-4.178,0,0.359,104,216707,98.93663510560816,3.6117833333333333
1ZMiCix7XSAbfAJlEZWMCp,Falling,Harry Styles,88,2019-12-13,0.567,0.267,4,-6.502,1,0.0592,110.011,240133,98.93663510560816,4.0022166666666665
6oJ6le65B3SEqPwMRNXWjY,Higher Love,Kygo,87,2019-06-28,0.693,0.678,8,-7.159,1,0.404,103.952,228267,98.7035688273853,3.80445
6Qs4SXO9dwPj5GKvVOv8Ki,Dancing With A Stranger (with Normani),Sam Smith,87,2019-01-11,0.741,0.52,8,-7.513,1,0.347,102.998,171030,98.7035688273853,2.8505
3cphb8kdsjElYR7r5icK3H,Nice To Meet Ya,Niall Horan,87,2019-10-04,0.591,0.841,4,-4.351,0,0.392,109.034,158805,98.7035688273853,2.64675
5w9c2J52mkdntKOmRLeM2m,Con Calma,Daddy Yankee,87,2019-01-24,0.737,0.86,8,-2.652,0,0.656,93.989,193227,98.7035688273853,3.22045
7LzouaWGFCy4tkXDOOnEyM,Liar,Camila Cabello,87,2019-09-04,0.74,0.498,11,-6.684,0,0.652,98.016,207039,98.7035688273853,3.45065
0RiRZpuVRbi7oqRdSMwhQY,Sunflower - Spider-Man: Into the Spider-Verse,Post Malone,87,2019-09-06,0.755,0.522,2,-4.368,1,0.925,89.96,157560,98.7035688273853,2.626
6V9fHiv84WlVTg7CSnIVY2,Graveyard,Halsey,87,2019-09-13,0.667,0.583,11,-5.127,0,0.187,92.043,181806,98.7035688273853,3.0301
7CZyCXKG6d5ALeq41sLzbw,Take What You Want (feat. Ozzy Osbourne & Travis Scott),Post Malone,87,2019-09-06,0.499,0.8,1,-2.665,0,0.272,139.919,229573,98.7035688273853,3.826216666666667
22vgEDb5hykfaTwLuskFGD,Sucker,Jonas Brothers,87,2019-06-07,0.842,0.734,1,-5.065,0,0.952,137.958,181027,98.7035688273853,3.0171166666666664
1mpD5Q8IM32I4bF6eCpU74,Up All Night,Khalid,87,2019-11-14,0.665,0.712,1,-7.536,1,0.669,93.989,157220,98.7035688273853,2.6203333333333334
3e9HZxeyfWwjeyPAMmWSSQ,"thank u, next",Ariana Grande,87,2019-02-08,0.717,0.653,1,-5.634,1,0.412,106.966,207320,98.7035688273853,3.4553333333333334
4SSnFejRGlZikf02HLewEF,bury a friend,Billie Eilish,87,2019-03-29,0.905,0.389,8,-14.505,1,0.196,120.046,193143,98.7035688273853,3.21905
6gi6y1xwmVszDWkUqab1qw,OUT WEST (feat. Young Thug),JACKBOYS,87,2019-12-27,0.802,0.591,8,-4.895,1,0.309,139.864,157712,98.7035688273853,2.6285333333333334
2gwkD6igEhQbDQegRCcdoB,Suge,DaBaby,87,2019-03-01,0.876,0.662,2,-6.482,0,0.844,75.445,163320,98.7035688273853,2.722
2qG5sZ7Si6sdK74qLxedYM,Con Altura,ROSALÍA,87,2019-03-28,0.882,0.689,6,-4.027,1,0.746,97.963,161627,98.7035688273853,2.693783333333333
3CYH422oy1cZNoo0GTG1TK,Psycho,Red Velvet,87,2019-12-23,0.664,0.666,8,-2.203,1,0.405,139.987,210560,98.7035688273853,3.509333333333333
0qaWEvPkts34WF68r8Dzx9,Turn Me On (feat. Vula),Riton,86,2019-09-13,0.737,0.828,11,-4.711,1,0.517,124.052,208474,98.52876911871815,3.4745666666666666
4yI3HpbSFSgFZtJP2kDe5m,Look At Her Now,Selena Gomez,86,2019-10-24,0.563,0.564,10,-7.906,0,0.55,154.355,162596,98.52876911871815,2.7099333333333333
4Of7rzpRpV1mWRbhp5rAqG,Bruises,Lewis Capaldi,86,2019-05-17,0.736,0.308,4,-7.83,1,0.361,111.202,220492,98.52876911871815,3.6748666666666665
6RRNNciQGZEXnqk8SQ9yv5,You Need To Calm Down,Taylor Swift,86,2019-08-23,0.771,0.671,2,-5.617,1,0.714,85.026,171360,98.52876911871815,2.856
6IRdLKIyS4p7XNiP8r6rsx,all the good girls go to hell,Billie Eilish,86,2019-03-29,0.726,0.444,8,-8.922,0,0.569,185.044,168840,98.52876911871815,2.814
2FvD20Z8aoWIePi7PoN8sG,TOES (feat. Lil Baby & Moneybagg Yo),DaBaby,86,2019-09-27,0.816,0.582,8,-4.141,1,0.542,160.004,136366,98.52876911871815,2.2727666666666666
2JvzF1RMd7lE3KmFlsyZD8,MIDDLE CHILD,J. Cole,86,2019-01-23,0.837,0.364,8,-11.713,1,0.463,123.984,213594,98.52876911871815,3.5599
25ZAibhr3bdlMCLmubZDVt,QUE PRETENDES,J Balvin,86,2019-06-28,0.639,0.791,10,-4.443,0,0.939,92.603,222347,98.52876911871815,3.705783333333333
7KbF6AdprOXEEHlsq11Z6d,11 PM,Maluma,86,2019-05-17,0.777,0.712,10,-4.84,1,0.68,95.692,175733,98.52876911871815,2.9288833333333333
0DiDStADDVh3SvAsoJAFMk,Only Human,Jonas Brothers,86,2019-06-07,0.795,0.496,0,-5.883,1,0.874,94.01,183000,98.52876911871815,3.05
1cVlW9WQiGlFdWUXFdFZGh,Pa' Olvidarme De Ella,Piso 21,86,2019-09-06,0.728,0.542,0,-5.195,1,0.637,90.016,227234,98.52876911871815,3.7872333333333335
6UelLqGlWMcVH1E5c4H7lY,Watermelon Sugar,Harry Styles,86,2019-12-13,0.548,0.816,0,-4.209,1,0.557,95.39,174000,98.52876911871815,2.9
5PYQUBXc7NYeI1obMKSJK0,Never Really Over,Katy Perry,85,2019-05-31,0.77,0.882,8,-4.792,1,0.385,99.991,223523,98.23743627093955,3.7253833333333333
5WHTFyqSii0lmT9R21abT8,Don't Call Me Up,Mabel,85,2019-01-18,0.674,0.881,9,-2.853,1,0.234,98.994,178480,98.23743627093955,2.974666666666667
5KawlOMHjWeUjQtnuRs22c,Boy With Luv (feat. Halsey),BTS,85,2019-04-12,0.645,0.862,11,-4.757,0,0.798,119.991,229773,98.23743627093955,3.82955
0bMbDctzMmTyK2j74j3nF3,"Alone, Pt. II",Alan Walker,85,2019-12-27,0.67,0.668,3,-4.306,0,0.608,88.033,179053,98.23743627093955,2.9842166666666667
3TKpJrY9q49Mj1JOsM9zGL,Family,The Chainsmokers,85,2019-12-06,0.584,0.607,11,-6.605,1,0.374,117.817,194827,98.23743627093955,3.247116666666667
4hPpVbbakQNv8YTHYaOJP4,One Thing Right,Marshmello,85,2019-06-21,0.659,0.623,4,-2.253,1,0.439,88.042,181824,98.23743627093955,3.0304
2QpGZOhTCHHiKmpSO9FW4h,Follow God,Kanye West,85,2019-10-25,0.529,0.9,1,-3.503,1,0.434,180.291,104591,98.23743627093955,1.7431833333333333
70eFcWOvlMObDhURTqT4Fv,Beautiful People (feat. Khalid),Ed Sheeran,85,2019-07-12,0.64,0.648,5,-8.113,0,0.548,92.977,197867,98.23743627093955,3.2977833333333333
4sjiIpEv617LDXaidKioOI,223's (feat. 9lokknine),YNW Melly,85,2019-08-09,0.932,0.547,0,-7.787,0,0.695,94.998,176640,98.23743627093955,2.944
3g0mEQx3NTanacLseoP0Gw,Takeaway,The Chainsmokers,85,2019-12-06,0.528,0.511,3,-8.144,1,0.351,100.1,209880,98.23743627093955,3.498
3GRSqlALWISqLeNncZMbpX,Mean It,Lauv,85,2019-11-14,0.746,0.45,7,-8.543,1,0.336,95.998,232853,98.23743627093955,3.8808833333333332
4sWuPniHClkInYAnzXAYUF,Camelot,NLE Choppa,85,2019-09-13,0.787,0.713,7,-5.252,1,0.762,175.041,148759,98.23743627093955,2.4793166666666666
2bPtwnrpFNEe8N7Q85kLHw,Combatchy (feat. MC Rebecca),Anitta,85,2019-11-20,0.826,0.73,1,-3.032,1,0.605,150.134,157600,98.23743627093955,2.6266666666666665
4lKuzrdZrJuCAedbIslF3A,SENTADÃO,Pedro Sampaio,85,2019-11-22,0.68,0.869,6,-1.94,1,0.924,173.997,143448,98.23743627093955,2.3908
40rXWke6SnXiGkSmaT8ZUr,Fantasía,Ozuna,85,2019-11-29,0.695,0.719,2,-5.938,1,0.781,180.074,175187,98.23743627093955,2.919783333333333
5099x34vBakWpGkHourFxP,Qué Pena,Maluma,85,2019-09-27,0.635,0.661,11,-6.425,0,0.858,126.15,212711,98.23743627093955,3.545183333333333
6XHVuErjQ4XNm6nDPVCxVX,No Guidance (feat. Drake),Chris Brown,85,2019-06-28,0.698,0.454,1,-6.756,0,0.137,92.932,260640,98.23743627093955,4.344
0RDgqtvOHLwcI6yz9bjsZV,Perreo en La Luna,Rich Music LTD,85,2019-10-11,0.711,0.757,1,-4.188,0,0.724,174.013,218587,98.23743627093955,3.643116666666667
6CcJMwBtXByIz4zQLzFkKc,i love you,Billie Eilish,85,2019-03-29,0.421,0.131,0,-18.435,1,0.12,137.446,291796,98.23743627093955,4.863266666666667
7hpJ9tATWb2vztlq99hERP,Maniac,Conan Gray,85,2019-10-25,0.623,0.647,8,-5.438,1,0.522,107.987,185787,98.23743627093955,3.09645
1sviDBcAqVOxMXq4xITVEs,Que Calor (feat. J Balvin & El Alfa),Major Lazer,84,2019-09-11,0.795,0.885,8,-4.13,1,0.46,126.037,169998,97.94610342316096,2.8333
0hVXuCcriWRGvwMV1r5Yn9,I Don't Care (with Justin Bieber),Ed Sheeran,84,2019-07-12,0.798,0.675,6,-5.041,1,0.842,101.956,219947,97.94610342316096,3.665783333333333
6fTt0CH2t0mdeB2N9XFG5r,Panini,Lil Nas X,84,2019-06-21,0.703,0.594,5,-6.146,0,0.475,153.848,114893,97.94610342316096,1.9148833333333333
322tcqPhma7F6hfCeLisx0,"fuck, i'm lonely (with Anne-Marie) - from “13 Reasons Why: Season 3”",Lauv,84,2019-08-02,0.806,0.558,9,-6.46,1,0.678,95.016,198973,97.94610342316096,3.3162166666666666
0JQ5MbyriK6ruD3t6RZ7ix,Never Seen The Rain,Tones and I,84,2019-08-29,0.672,0.464,6,-5.624,0,0.271,92.069,200742,97.94610342316096,3.3457
4kV4N9D1iKVxx1KLvtTpjS,"break up with your girlfriend, i'm bored",Ariana Grande,84,2019-02-08,0.726,0.554,5,-5.29,0,0.335,169.999,190440,97.94610342316096,3.174
0Ryd8975WihbObpp5cPW1t,boyfriend (with Social House),Ariana Grande,84,2019-08-02,0.4,0.795,10,-3.731,0,0.702,190.097,186107,97.94610342316096,3.101783333333333
6LsAAHotRLMOHfCsSfYCsz,If I Can't Have You,Shawn Mendes,84,2019-05-03,0.692,0.809,2,-4.198,1,0.864,123.911,190800,97.94610342316096,3.18
3XF5xLJHOQQRbWya6hBp7d,you should see me in a crown,Billie Eilish,84,2019-03-29,0.678,0.533,4,-10.485,1,0.323,150.455,180953,97.94610342316096,3.0158833333333335
4bl1HBZliBuYpFZjWgefE4,Peta (feat. Meek Mill),Roddy Ricch,84,2019-12-06,0.778,0.573,10,-7.339,0,0.269,140.114,198849,97.94610342316096,3.31415
6klLvorLoo1sxvZcjJIY8I,Make No Sense,YoungBoy Never Broke Again,84,2019-10-11,0.876,0.733,10,-4.478,0,0.962,154.904,148630,97.94610342316096,2.4771666666666667
6uJONCdr2rC65BNmCnTBWK,GANG GANG,JACKBOYS,84,2019-12-27,0.859,0.6,7,-4.63,0,0.568,123.017,244761,97.94610342316096,4.07935
5hVghJ4KaYES3BFUATCYn0,EARFQUAKE,"Tyler, The Creator",84,2019-05-17,0.554,0.498,9,-8.866,1,0.413,79.635,190067,97.94610342316096,3.1677833333333334
6uFn47ACjqYkc0jADwEdj1,Pop Out (feat. Lil Tjay),Polo G,84,2019-06-07,0.772,0.639,1,-7.119,1,0.261,168.112,166560,97.94610342316096,2.776
3wwo0bJvDSorOpNfzEkfXx,Let Me Know (I Wonder Why Freestyle),Juice WRLD,84,2019-12-07,0.635,0.537,7,-7.895,0,0.383,125.028,215381,97.94610342316096,3.5896833333333333
0c7K73roy6RW4ebDkf4yGh,VALENTINO,24kGoldn,84,2019-01-25,0.745,0.718,9,-4.853,0,0.539,151.097,179133,97.94610342316096,2.98555
5bvnqVuq7UFl0txSlHpsfS,Loyal (feat. Drake),PARTYNEXTDOOR,84,2019-11-22,0.866,0.53,0,-6.347,0,0.203,104.952,197973,97.94610342316096,3.29955
4z6wo6PJG4Fve45OXK6D9m,Infeliz,Arcangel,84,2019-12-20,0.713,0.798,1,-3.147,1,0.721,176.073,221103,97.94610342316096,3.68505
1Ej96GIBCTvgH7tNX1r3qr,Otro Trago,Sech,84,2019-04-19,0.747,0.7,0,-4.669,1,0.62,176.036,225933,97.94610342316096,3.76555
3tv697PZNnaQN0Mn2zGhS5,A Gente Fez Amor - Ao Vivo,Gusttavo Lima,84,2019-12-05,0.793,0.937,8,-2.44,0,0.827,134.012,237517,97.94610342316096,3.9586166666666665
3yNZ5r3LKfdmjoS3gkhUCT,bad guy (with Justin Bieber),Billie Eilish,83,2019-07-11,0.67,0.453,0,-11.265,1,0.68,135.055,194840,97.523670793882,3.247333333333333
0qc4QlcCxVTGyShurEv1UU,Post Malone (feat. RANI),Sam Feldt,83,2019-05-24,0.59,0.642,7,-3.87,1,0.651,107.356,174444,97.523670793882,2.9074
5icOoE6VgqFKohjWWNp0Ac,Here With Me,Marshmello,83,2019-03-08,0.791,0.565,5,-3.933,0,0.181,99.961,156347,97.523670793882,2.605783333333333
7pWK1kMgHy5lNNiIfuRbkP,Used To Love (with Dean Lewis),Martin Garrix,83,2019-10-31,0.651,0.693,4,-4.722,1,0.392,118.97,236765,97.523670793882,3.946083333333333
7Feaw9WAEREY0DUOSXJLOM,Summer Days (feat. Macklemore & Patrick Stump of Fall Out Boy),Martin Garrix,83,2019-04-25,0.661,0.723,5,-6.976,0,0.316,113.778,163805,97.523670793882,2.7300833333333334
5itOtNx0WxtJmi1TQ3RuRd,Giant (with Rag'n'Bone Man),Calvin Harris,83,2019-01-11,0.807,0.887,1,-4.311,0,0.606,122.015,229184,97.523670793882,3.819733333333333
0uUNN1nSoUx1A4fkDCWDQ7,So Am I,Ava Max,83,2019-03-07,0.682,0.656,6,-4.67,1,0.607,130.089,183027,97.523670793882,3.05045
4n7jnSxVLd8QioibtTDBDq,On My Way,Alan Walker,83,2019-03-21,0.509,0.689,1,-4.929,0,0.297,170.087,193798,97.523670793882,3.229966666666667
0rIAC4PXANcKmitJfoqmVm,Motivation,Normani,83,2019-08-16,0.599,0.887,4,-3.967,1,0.881,170.918,193837,97.523670793882,3.2306166666666667
314ZkcV7oLWG8yWE7LABvH,Make It Right (feat. Lauv),BTS,83,2019-10-18,0.584,0.685,7,-7.811,1,0.345,97.551,226321,97.523670793882,3.7720166666666666
2gMXnyrvIjhVBUZwvLZDMP,Before You Go,Lewis Capaldi,83,2019-11-22,0.459,0.575,3,-4.858,1,0.183,111.881,215107,97.523670793882,3.5851166666666665
7COXchtUOMd6uIT6HvmRaI,i'm so tired...,Lauv,83,2019-01-24,0.599,0.733,11,-7.058,1,0.534,102.211,162583,97.523670793882,2.7097166666666666
2x0RZdkZcD8QRI53XT4GI5,SOS (feat. Aloe Blacc),Avicii,83,2019-06-06,0.802,0.645,5,-6.181,0,0.376,100.001,157202,97.523670793882,2.620033333333333
5FkoSXiJPKTNyYgALRJFhD,ORANGE SODA,Baby Keem,83,2019-07-19,0.83,0.564,1,-7.822,1,0.107,85.042,129882,97.523670793882,2.1647
07KXEDMj78x68D884wgVEm,High Fashion (feat. Mustard),Roddy Ricch,83,2019-12-06,0.831,0.499,11,-8.442,0,0.511,97.956,220487,97.523670793882,3.6747833333333335
735RSTb2xbtWbDtKD9XDYi,Somebody,Internet Money,83,2019-10-11,0.63,0.671,6,-6.659,0,0.333,89.921,174333,97.523670793882,2.90555
7tgjDlQsMR8RvkdlNCJA58,6 Kiss,Trippie Redd,83,2019-11-22,0.687,0.449,2,-10.061,1,0.229,142.048,199437,97.523670793882,3.32395
4IO8X9W69dIQe0EC5ALXhq,Immortal,21 Savage,83,2019-10-31,0.741,0.87,6,-3.494,0,0.663,184.194,254723,97.523670793882,4.245383333333334
7LGWmZaoS7jZJ5tEi9EcDi,HAD ENOUGH (feat. Quavo & Offset),Don Toliver,83,2019-12-27,0.75,0.789,2,-4.578,1,0.673,147.957,157133,97.523670793882,2.6188833333333332
7DcvwMAiqKJQD1rrdfxSDx,The London (feat. J. Cole & Travis Scott),Young Thug,83,2019-05-23,0.796,0.586,4,-6.946,0,0.179,97.981,200107,97.523670793882,3.3351166666666665
5Z8HZM6iQMhhqyPcCGY5g9,Hot (feat. Gunna),Young Thug,83,2019-08-16,0.855,0.651,0,-8.044,0,0.559,111.997,193027,97.523670793882,3.2171166666666666
4fj7e6Tc48Bmomwyz2Z2XC,Te Quemaste,Manuel Turizo,83,2019-08-23,0.729,0.773,0,-2.486,1,0.718,176.053,199091,97.523670793882,3.3181833333333333
7anSoGdgtmJTAPZBzcPhO6,Cuaderno,Dalex,83,2019-05-10,0.681,0.648,1,-5.021,0,0.687,172.019,286507,97.523670793882,4.7751166666666665
4lzxJ4jCuFDXXGkE1LmpKR,Verte Ir,DJ Luian,83,2019-03-28,0.857,0.647,11,-4.152,0,0.553,95.982,267500,97.523670793882,4.458333333333333
684EjRHwNsZQ9hCQxL4NYL,"El Favor (with Nicky Jam & Sech, feat. Farruko, Zion & Lunay)",Dimelo Flow,83,2019-08-30,0.747,0.647,9,-3.234,1,0.478,87.988,233113,97.523670793882,3.8852166666666665
2B94bbI1a4LyBpK1439oP7,Cuerpo en Venta,Noriel,83,2019-08-09,0.696,0.601,11,-5.749,1,0.408,91.924,254413,97.523670793882,4.240216666666667
1LIqNVhaIgxXUt2eVoIQJ3,HP,Maluma,83,2019-05-17,0.837,0.791,4,-3.157,0,0.618,91.98,184436,97.523670793882,3.073933333333333
4QIo4oxwzzafcBWkKjDpXY,xanny,Billie Eilish,83,2019-03-29,0.521,0.125,9,-17.832,1,0.0528,111.554,243725,97.523670793882,4.062083333333334
4Yxc55NX3tAXC2mHRAhtcW,"All I Want - From ""High School Musical: The Musical: The Series""",Olivia Rodrigo,83,2019-11-27,0.376,0.43,0,-6.585,0,0.129,77.599,177323,97.523670793882,2.9553833333333333
3M9Apu4OZfylLTFKvgEtKa,Ritual,Tiësto,82,2019-05-31,0.647,0.726,3,-4.389,0,0.767,114.996,198996,97.15950473415877,3.3166
6RyuoOJXNzlVWpfC5xQyeI,Alocao (With Bad Gyal),Omar Montes,82,2019-10-24,0.673,0.752,11,-4.705,0,0.699,178.005,209320,97.15950473415877,3.4886666666666666
5aUSEPNd3m5xliFK4pn5mU,Good Thing (with Kehlani),Zedd,82,2019-09-27,0.693,0.564,1,-3.857,0,0.574,185.913,210901,97.15950473415877,3.5150166666666665
0rFQ5cKYJ9WtHSKp9sxVYt,Heartless (feat. Morgan Wallen),Diplo,82,2019-08-16,0.764,0.555,11,-6.414,1,0.255,111.004,169227,97.15950473415877,2.82045
6cjSh516BbrNUs213jDAGm,Graduation (with Juice WRLD),benny blanco,82,2019-08-30,0.731,0.65,0,-5.286,1,0.605,154.968,177847,97.15950473415877,2.9641166666666665
421eObjg0DTm2qajJl5OJm,Into the Unknown - Panic! At The Disco Version,Panic! At The Disco,82,2019-11-15,0.456,0.828,1,-6.225,1,0.313,116.719,189132,97.15950473415877,3.1522
6YfTl5YupXOQBKiJJLrxcw,Death (feat. DaBaby),Trippie Redd,82,2019-11-12,0.802,0.82,10,-5.969,0,0.613,164.005,172196,97.15950473415877,2.8699333333333334
3RZftiuTcLOqpsd8ZlwNhr,Hop Off A Jet (feat. Travis Scott),Young Thug,82,2019-12-20,0.823,0.476,7,-8.951,1,0.353,144.998,174067,97.15950473415877,2.901116666666667
2Xo3rLHjXfdb4avN68aQyi,BEST ON EARTH (feat. BIA),Russ,82,2019-10-18,0.568,0.764,5,-3.465,0,0.625,179.985,160720,97.15950473415877,2.6786666666666665
40mjsnRjCpycdUw3xhS20g,GATTI,JACKBOYS,82,2019-12-27,0.594,0.676,2,-5.808,1,0.472,143.477,181145,97.15950473415877,3.019083333333333
3XiNC94b4Tq1xwv70sQJGN,Sanguine Paradise,Lil Uzi Vert,82,2019-04-09,0.729,0.603,6,-6.736,0,0.207,134.972,243976,97.15950473415877,4.0662666666666665
2zjGJ0dChMR0KxBZS15aqo,"Baguettes in the Face (feat. NAV, Playboi Carti & A Boogie Wit da Hoodie)",Mustard,82,2019-06-28,0.883,0.525,2,-8.054,0,0.312,99.978,174100,97.15950473415877,2.901666666666667
0RLLvYBopDwooCyvnTwgYu,F.N,Lil Tjay,82,2019-10-11,0.567,0.515,6,-10.265,0,0.321,120.1,224000,97.15950473415877,3.7333333333333334
1tpbAGsGpZee5jDHMcLrUJ,Bellaquita,Dalex,82,2019-09-06,0.584,0.698,8,-3.961,1,0.765,166.047,204787,97.15950473415877,3.413116666666667
7x9nXsowok1JszkVztI5NI,Writing on the Wall (feat. Post Malone & Cardi B),French Montana,82,2019-09-27,0.773,0.836,9,-2.326,0,0.497,112.01,201271,97.15950473415877,3.3545166666666666
1GBLO0NFODuL31A5fgw0uR,No Se Me Quita (feat. Ricky Martin),Maluma,82,2019-05-17,0.864,0.869,7,-2.963,1,0.853,99.988,219933,97.15950473415877,3.66555
5W83ErFkO3aKAIS1WMi6u0,Secreto,Anuel AA,82,2019-01-15,0.807,0.803,11,-4.156,1,0.706,91.987,258800,97.15950473415877,4.3133333333333335
6TqXcAFInzjp0bODyvrWEq,Talk (feat. Disclosure),Khalid,82,2019-04-05,0.901,0.4,0,-8.575,1,0.346,135.984,197573,97.15950473415877,3.292883333333333
4o1DxRjMCHDwBiOKv88rOl,B11 (feat. Myke Towers),Rvssian,82,2019-09-18,0.759,0.717,0,-5.014,1,0.195,99.946,251929,97.15950473415877,4.198816666666667
4BCPItsB94KDLuERZT3aNM,Fresa,TINI,82,2019-09-06,0.781,0.866,5,-3.493,0,0.864,95.993,165646,97.15950473415877,2.7607666666666666
3Tc57t9l2O8FwQZtQOvPXK,my strange addiction,Billie Eilish,82,2019-03-29,0.939,0.305,8,-10.952,0,0.563,100.029,179889,97.15950473415877,2.99815
4CxFN5zON70B3VOPBYbd6P,you were good to me,Jeremy Zucker,82,2019-05-03,0.561,0.0848,2,-15.099,1,0.206,102.128,219147,97.15950473415877,3.65245
4GGSmoTmc5LClrowB4SmEw,Mind Is A Prison,Alec Benjamin,82,2019-12-12,0.636,0.661,5,-5.217,0,0.694,151.148,162034,97.15950473415877,2.7005666666666666
6fenHIxXuuzKB55wY4WCHP,God Is A Dancer (with Mabel),Tiësto,82,2019-09-20,0.774,0.747,1,-3.908,0,0.833,119.964,168125,97.15950473415877,2.8020833333333335
1uryupl9hqVZYurJwH4G9k,3 Batidas - Ao Vivo,Guilherme & Benuto,82,2019-08-16,0.552,0.709,8,-5.435,1,0.528,117.582,157186,97.15950473415877,2.6197666666666666
4PkIDTPGedm0enzdvilLNd,Sixteen,Ellie Goulding,81,2019-04-12,0.669,0.801,8,-5.445,1,0.541,109.919,201072,96.76620538965769,3.3512
4NSW0Km5ZG60L8FthUebPJ,What I Like About You (feat. Theresa Rex),Jonas Blue,81,2019-03-22,0.46,0.8,1,-3.584,1,0.553,102.46,220396,96.76620538965769,3.6732666666666667
0U6bQIAh6MCGo1xjbIIx2S,Instagram,Dimitri Vegas & Like Mike,81,2019-07-05,0.765,0.906,8,-2.097,0,0.95,96.071,184558,96.76620538965769,3.0759666666666665
24nK8tW7Pt3Inh2utttuoG,HIP,Mamamoo,81,2019-11-14,0.782,0.731,3,-4.581,0,0.824,138.032,195307,96.76620538965769,3.255116666666667
5Cbo7oz78gqkzV3EAM63VA,+,Aitana,81,2019-12-17,0.561,0.666,8,-4.243,1,0.675,160.019,219367,96.76620538965769,3.6561166666666667
1Cv1YLb4q0RzL6pybtaMLo,Sunday Best,Surfaces,81,2019-01-06,0.878,0.525,5,-6.832,1,0.694,112.022,158571,96.76620538965769,2.64285
0y675KDleCZEudjoeL1sQQ,Feelings,Lauv,81,2019-09-19,0.694,0.466,9,-6.758,1,0.246,103.018,189613,96.76620538965769,3.1602166666666665
44ADyYoY5liaRa3EOAl4uf,Slide Away,Miley Cyrus,81,2019-08-16,0.53,0.538,5,-6.672,1,0.288,148.051,233654,96.76620538965769,3.894233333333333
4tNXntkAzQ5A2dfYRYGIIQ,Easier,5 Seconds of Summer,81,2019-05-23,0.505,0.428,5,-5.604,1,0.618,175.813,157493,96.76620538965769,2.6248833333333335
4poybupy26pTWPr9zY1i7h,Some Say,Nea,81,2019-09-06,0.779,0.342,3,-6.316,0,0.482,104.993,175602,96.76620538965769,2.9267
2GdxQw8NwoeH8tKySg6nym,Torn,Ava Max,81,2019-08-19,0.664,0.831,2,-4.472,0,0.696,125.058,198006,96.76620538965769,3.3001
4ZT9FnbFu1PaBfV3itxiqT,I,Lil Skies,81,2019-03-01,0.649,0.453,6,-7.28,1,0.431,99.183,181891,96.76620538965769,3.0315166666666666
09TZsMHXEtQkdmMJZPLKup,UP THE SMOKE (with Offset),Stunna 4 Vegas,81,2019-11-08,0.907,0.765,4,-7.043,1,0.896,142.992,188048,96.76620538965769,3.134133333333333
1GeNui6m825V8jP4uKiIaH,Bad Bad Bad (feat. Lil Baby),Young Thug,81,2019-08-16,0.974,0.596,6,-8.888,1,0.892,111.959,149040,96.76620538965769,2.484
5j1yOqWONR9T6l43AzJ6Es,Tip Toe (feat. A Boogie Wit da Hoodie),Roddy Ricch,81,2019-11-25,0.757,0.673,1,-8.513,1,0.574,92.958,185806,96.76620538965769,3.0967666666666664
5dhQeuLGmlhfwlI6BWfSpo,Roller,Apache 207,81,2019-08-23,0.928,0.758,10,-6.471,0,0.729,128.005,158853,96.76620538965769,2.64755
09nSCeCs6eYfAIJVfye1CE,Oye,TINI,81,2019-10-11,0.683,0.51,7,-7.894,0,0.255,95.08,173021,96.76620538965769,2.8836833333333334
1E1YyZjbteIz2XQyLvtRxD,Skifahren (feat. Joshi Mizu),The Cratez,81,2019-11-15,0.719,0.705,5,-6.891,0,0.435,133.927,162651,96.76620538965769,2.71085
4wJFExEZZo62tmwTM9ENDR,Oye Pablo,Danna Paola,81,2019-08-29,0.699,0.65,5,-4.281,0,0.52,179.84,177747,96.76620538965769,2.96245
0wMs7DPFOnToNAoecvAFQc,Uniforme,Rich Music LTD,81,2019-10-11,0.739,0.863,9,-3.667,1,0.773,173.946,279280,96.76620538965769,4.6546666666666665
0i9oiUkWOgvtnjkr0fa3XN,Piensan,Myke Towers,81,2019-09-13,0.677,0.722,2,-4.443,0,0.786,172,173452,96.76620538965769,2.8908666666666667
7FbKipScVxkjQxQXwTd0gL,Coronao Now,El Alfa,81,2019-11-07,0.941,0.729,6,-7.56,0,0.718,118.026,217881,96.76620538965769,3.63135
26Qhn2T88XqVinXQpmSarj,Atrévete,Nicky Jam,81,2019-11-01,0.552,0.675,11,-3.824,1,0.586,183.785,198320,96.76620538965769,3.3053333333333335
2rTnVB1bvwxHtaIl4uVu7f,Slide,H.E.R.,81,2019-09-27,0.827,0.469,10,-9.141,0,0.196,97.028,238321,96.76620538965769,3.9720166666666668
7qvsl2pYzrsYgPeFBN5jxp,Juicy,Doja Cat,81,2019-08-15,0.786,0.658,0,-2.61,1,0.458,170.037,202333,96.76620538965769,3.3722166666666666
7qEKqBCD2vE5vIBsrUitpD,ilomilo,Billie Eilish,81,2019-03-29,0.855,0.423,5,-15.044,0,0.572,120.02,156371,96.76620538965769,2.6061833333333335
0tMSssfxAL2oV8Vri0mFHE,listen before i go,Billie Eilish,81,2019-03-29,0.319,0.0561,0,-23.023,1,0.082,79.764,242652,96.76620538965769,4.0442
02itaCXOdC54J0ISjqqFAp,All Around The World (La La La),R3HAB,80,2019-04-05,0.733,0.859,9,-5.03,0,0.52,124.948,147840,96.34377276037873,2.464
0vrmHPfoBadXVr2n0m1aqZ,Heaven,Avicii,80,2019-06-06,0.592,0.873,9,-5.65,1,0.516,122.011,277262,96.34377276037873,4.621033333333333
7BuSE9uTIw931wtZYzvZcQ,Runaway,Sebastian Yatra,80,2019-06-21,0.756,0.851,2,-3.33,1,0.934,75.014,200693,96.34377276037873,3.344883333333333
0Z26mbSHJ1dkUu7g9DDgif,Trigger,Major Lazer,80,2019-10-24,0.57,0.585,8,-7.041,1,0.378,97.285,171987,96.34377276037873,2.86645
4fwo6czG5nvOQMzhOto1ya,Lonely (with Jonas Brothers),Diplo,80,2019-09-27,0.738,0.717,1,-5.121,1,0.5,98.047,139813,96.34377276037873,2.330216666666667
1JRK7srBWUtAW7dPabKBwJ,Teeth,5 Seconds of Summer,80,2019-08-21,0.755,0.448,3,-2.993,0,0.431,139.028,204887,96.34377276037873,3.4147833333333333
6UjZ2Yx2g2a52XxiA8ONxZ,Outnumbered,Dermot Kennedy,80,2019-06-13,0.614,0.684,0,-5.79,1,0.258,156.85,245700,96.34377276037873,4.095
2xyx0o4xNOLLjBSbOOdcbA,Playing Games (with Bryson Tiller) - Extended Version,Summer Walker,80,2019-10-04,0.726,0.408,11,-6.606,0,0.459,115.918,143227,96.34377276037873,2.3871166666666666
7vgv8KZBSo0TPzyIWG9yzV,Salt,Ava Max,80,2019-12-12,0.693,0.835,6,-3.242,1,0.743,128.052,180283,96.34377276037873,3.0047166666666665
3eng6TJxpqjvDkxRpnfnhB,Big Plans,Why Don't We,80,2019-01-17,0.693,0.604,11,-5.279,1,0.651,75.014,179930,96.34377276037873,2.9988333333333332
0jBJIQuToUUOEx7JJkiPzm,How I Move (feat. Lil Baby),Flipp Dinero,80,2019-11-15,0.826,0.635,5,-5.181,0,0.808,119.954,224916,96.34377276037873,3.7486
35Xf2ABjPzUXKz19akd7Jj,Famous Hoes,NLE Choppa,80,2019-12-10,0.732,0.627,4,-5.693,0,0.332,81.481,135460,96.34377276037873,2.2576666666666667
7A20WnLkjtZU2d7hIB6Ziu,Start Wit Me (feat. Gunna),Roddy Ricch,80,2019-12-06,0.886,0.479,4,-8.054,0,0.408,130.029,158692,96.34377276037873,2.6448666666666667
6vWEAOUSxohKxhp0K1BsxL,Mixed Personalities (feat. Kanye West),YNW Melly,80,2019-01-18,0.661,0.44,2,-9.104,1,0.352,149.937,230400,96.34377276037873,3.84
76IVpz47q3ghkxoUeTTEKb,COLT,Samra,80,2019-12-05,0.544,0.53,9,-6.168,0,0.184,90.093,179813,96.34377276037873,2.9968833333333333
6416zJN0FGPmh1Ph4BH2h3,KEIN SCHLAF,Nimo,80,2019-12-05,0.606,0.715,11,-5.608,1,0.393,174.049,200493,96.34377276037873,3.34155
2RaKlveGCllSaXloN8kmzV,Alien,RIN,80,2019-12-06,0.835,0.601,6,-6.411,1,0.853,137.998,208947,96.34377276037873,3.48245
5ravc2aiNoYmu9m37diYXW,Start Wit Me (feat. Gunna),Roddy Ricch,80,2019-10-25,0.886,0.479,4,-8.054,0,0.408,130.029,158692,96.34377276037873,2.6448666666666667
7q3NthaBqFI6s0WnAlnIvq,Velitas,Darell,80,2019-07-12,0.819,0.596,2,-7.009,1,0.622,165.951,225542,96.34377276037873,3.7590333333333334
5ls62WNKHUUrdF3r1cv83T,emotions,iann dior,80,2019-05-22,0.63,0.63,9,-6.211,1,0.163,80.512,131213,96.34377276037873,2.1868833333333333
41MCdlvXOl62B7Kv86Bb1v,Empty,Juice WRLD,80,2019-03-08,0.745,0.561,0,-4.869,1,0.449,77.557,248431,96.34377276037873,4.140516666666667
0UQwlF2pRkr1lMN6kNNUj3,La Boca,Mau y Ricky,80,2019-05-03,0.618,0.795,2,-1.8,1,0.76,185.901,206279,96.34377276037873,3.4379833333333334
7MRU4vOkywuhZ9kbFiPuiu,Si Supieras,Daddy Yankee,80,2019-06-28,0.691,0.894,9,-1.681,0,0.623,184.019,241880,96.34377276037873,4.031333333333333
5pAbCxt9e3f81lOmjIXwzd,Be Honest (feat. Burna Boy),Jorja Smith,80,2019-08-16,0.757,0.737,4,-6.728,0,0.635,98.057,207031,96.34377276037873,3.4505166666666667
6X29iaaazwho3ab7GNue5r,8,Billie Eilish,80,2019-03-29,0.735,0.235,3,-13.239,1,0.462,62.446,173202,96.34377276037873,2.8867
6qL5UWxRSQYml9O99ozoLv,Love Songs - Bonus,Kaash Paige,80,2019-11-15,0.641,0.355,5,-10.599,1,0.453,120.032,148640,96.34377276037873,2.477333333333333
1hCTxutVVYvggAQcUUUZAT,Put A Little Love On Me,Niall Horan,80,2019-12-06,0.584,0.465,10,-4.88,1,0.299,95.969,224586,96.34377276037873,3.7431
3TTMUI5dFcbeNSDTTDY9M8,Come Thru (with Usher),Summer Walker,80,2019-10-04,0.679,0.728,5,-3.092,0,0.46,152.001,181013,96.34377276037873,3.0168833333333334
4k20Ie47EcWtS4wMBn8w8S,Invocada (Participação especial de Léo Santana) - Ao vivo,Ludmilla,80,2019-05-31,0.776,0.864,1,-4.281,1,0.701,134.992,157494,96.34377276037873,2.6249
3y3brCCecHC3Db18aIOnny,"Carry On (from the Original Motion Picture ""POKÉMON Detective Pikachu"")",Kygo,79,2019-04-19,0.591,0.705,9,-6.519,0,0.27,121.799,215316,95.65914056809905,3.5886
7sYAS4CpbV90oSemgaEQat,On & On,Alok,79,2019-11-22,0.747,0.776,10,-5.898,0,0.67,125.07,147027,95.65914056809905,2.45045
7N06jo3EnV792VFaG8vuW6,Close Your Eyes,Felix Jaehn,79,2019-11-22,0.818,0.823,11,-3.563,0,0.52,128.136,160794,95.65914056809905,2.6799
1WSGTYKLEpKfNQYYW5Oymt,"I Can’t Get Enough (benny blanco, Selena Gomez, J Balvin, Tainy)",benny blanco,79,2019-02-28,0.541,0.468,10,-4.039,0,0.69,95.266,158027,95.65914056809905,2.633783333333333
6uW0PIRcyZLvkoonm763xD,Contando Lunares (feat. Cruz Cafuné),Don Patricio,79,2019-01-27,0.856,0.523,4,-10.481,0,0.709,105.935,219667,95.65914056809905,3.6611166666666666
5YvcUK2eXJ2OllqDuEg18S,Finally // beautiful stranger,Halsey,79,2019-12-06,0.626,0.55,9,-5.105,0,0.123,133.976,221096,95.65914056809905,3.6849333333333334
1rgnBhdG2JDFTbYkYRZAku,Dance Monkey,Tones and I,79,2019-05-10,0.825,0.593,6,-6.401,0,0.54,98.078,209755,95.65914056809905,3.4959166666666666
1000nHvUdawXuUHgBod4Wv,Panini,Lil Nas X,79,2019-09-13,0.703,0.594,5,-6.146,0,0.475,153.848,114893,95.65914056809905,1.9148833333333333
1HimGOB6BjOaCQYMIF1xtU,What Am I,Why Don't We,79,2019-08-23,0.614,0.647,0,-4.681,0,0.368,163.862,184665,95.65914056809905,3.07775
4cZ3UsiKd1kUQIaq4BFIj2,No One Compares To You,Jack & Jack,79,2019-01-25,0.7,0.748,1,-6.044,1,0.631,111.939,182920,95.65914056809905,3.0486666666666666
0PG9fbaaHFHfre2gUVo7AN,Please Me,Cardi B,79,2019-02-15,0.747,0.57,1,-6.711,1,0.65,133.992,200890,95.65914056809905,3.3481666666666667
6habFhsOp2NvshLv26DqMb,Despacito,Luis Fonsi,79,2019-02-01,0.655,0.797,2,-4.787,1,0.839,177.928,229360,95.65914056809905,3.8226666666666667
4dZTZbmJBCCofAExHwefda,Lottery (Renegade),K CAMP,79,2019-06-21,0.915,0.556,1,-8.601,1,0.67,148.964,170947,95.65914056809905,2.8491166666666667
5iFwAOB2TFkPJk8sMlxP8g,Make You Mine,PUBLIC,79,2019-08-09,0.606,0.799,9,-4.452,1,0.638,103.014,232907,95.65914056809905,3.8817833333333334
364spZLB5bhNlnPrzvUB41,Reply (feat. Lil Uzi Vert),A Boogie Wit da Hoodie,79,2019-11-15,0.512,0.623,9,-6.553,0,0.219,112.15,183589,95.65914056809905,3.059816666666667
5rU6kDNXZLXIinFezpbWbO,Tap (feat. Meek Mill),NAV,79,2019-03-26,0.901,0.676,2,-7.033,1,0.452,85.018,148278,95.65914056809905,2.4713
5N1o6d8zGcSZSeMFkOUQOk,Hot Girl Summer (feat. Nicki Minaj & Ty Dolla $ign),Megan Thee Stallion,79,2019-08-09,0.872,0.814,0,-4.568,1,0.57,98.985,199427,95.65914056809905,3.3237833333333335
3s4mrPrEFFPF0LmAfutW0n,The London (feat. J. Cole & Travis Scott),Young Thug,79,2019-08-16,0.784,0.517,4,-8.981,0,0.206,97.991,200187,95.65914056809905,3.33645
4etKC4ngPKsQDHUMnYgV3A,"Down Like That (feat. Rick Ross, Lil Baby & S-X)",KSI,79,2019-11-08,0.591,0.8,1,-4.956,1,0.596,139.473,175462,95.65914056809905,2.924366666666667
3z4CGd63tpUn9a6oQSG0CI,Location (feat. Burna Boy),Dave,79,2019-03-08,0.812,0.496,9,-5.969,0,0.55,109.979,241293,95.65914056809905,4.02155
2LgsKzO8lCeXk0TMd9veWW,Vor der Tür,Gzuz,79,2019-12-23,0.856,0.726,4,-6.263,0,0.197,100.953,171020,95.65914056809905,2.8503333333333334
6Y7ZEVr7lgO8FKGk2vZ2hi,Nur zur Info,Ufo361,79,2019-12-20,0.733,0.365,8,-11.893,1,0.227,88.881,142232,95.65914056809905,2.3705333333333334
2M39v73rNJmAXUXIW0oagP,Der Bratan bleibt der gleiche,Capital Bra,79,2019-11-28,0.612,0.704,0,-4.147,0,0.672,96.015,192147,95.65914056809905,3.20245
3uhTOxvu2h2YEm0uPNF2vi,Doch in der Nacht,Apache 207,79,2019-10-25,0.901,0.832,9,-6.906,0,0.708,130.994,191760,95.65914056809905,3.196
5MPPttjfGap2C6j6eKcO6J,Baby (Lil Baby feat. DaBaby),Quality Control,79,2019-08-16,0.97,0.463,10,-7.259,1,0.46,108.003,142417,95.65914056809905,2.3736166666666665
7f1zjZG77S891Uv4O68yfk,Baby Sitter (feat. Offset),DaBaby,79,2019-03-01,0.852,0.73,1,-5.803,1,0.394,92.506,157693,95.65914056809905,2.628216666666667
5YxP1CkunbhUQVvctFOHa7,fuck 3x,tha Supreme,79,2019-11-15,0.655,0.814,5,-5.472,0,0.69,180.082,161266,95.65914056809905,2.6877666666666666
3MkdA6vwF0ifRl86yzTlJW,Kenny G,Matuê,79,2019-09-04,0.417,0.767,9,-3.31,1,0.152,72.573,189600,95.65914056809905,3.16
1EoEU4HY57qaITp06TkC6B,Goteo,Duki,79,2019-08-07,0.473,0.779,1,-3.725,1,0.438,108.287,164458,95.65914056809905,2.7409666666666666
0jeS8PyyIRAG0A3t5DtL71,La Playa,Myke Towers,79,2019-04-09,0.796,0.683,10,-2.754,0,0.353,140.108,207731,95.65914056809905,3.4621833333333334
2ktxr00GpTtbMNeBjNeY8D,Who Needs Love,Trippie Redd,79,2019-11-22,0.85,0.516,0,-7.664,0,0.874,108.963,158532,95.65914056809905,2.6422
13ZyrkCDmRz5xY3seuAWYk,Hear Me Calling,Juice WRLD,79,2019-03-08,0.699,0.687,7,-3.997,0,0.499,88.932,189977,95.65914056809905,3.1662833333333333
7hynhxDoDpgMIV12JuVtNa,UN PESO,J Balvin,79,2019-06-28,0.627,0.675,5,-7.125,0,0.961,79.31,277107,95.65914056809905,4.61845
37eGbhE1xVFSvcKkqGb6i1,Contra La Pared,Sean Paul,79,2019-03-14,0.828,0.588,2,-7.14,1,0.598,94.052,224681,95.65914056809905,3.744683333333333
0x1k6gSTSxaLxe0F2IThaX,Detente,Mike Bahía,79,2019-11-15,0.736,0.585,7,-4.617,1,0.363,171.932,181845,95.65914056809905,3.03075
5e50NiIlOc2YJIftHzoehd,MALA SANTA,Becky G,79,2019-10-18,0.851,0.701,9,-3.649,1,0.527,98.039,173827,95.65914056809905,2.897116666666667
23CsjGOYDQiJpX44BSn9TM,Aleluya,Reik,79,2019-05-31,0.81,0.716,8,-2.3,1,0.689,96.029,158480,95.65914056809905,2.6413333333333333
7pxL0DzPpCjjcdfQccvnus,Una Vida Para Recordar,Piso 21,79,2019-07-05,0.703,0.776,7,-3.075,1,0.483,182.136,215087,95.65914056809905,3.584783333333333
5CQzOnFWI0liUblbHYVNge,La Cama,Lunay,79,2019-10-15,0.7,0.904,2,-2.826,0,0.817,173.975,189296,95.65914056809905,3.154933333333333
1KdwnsWOvhM53vezy5ROuf,No Te Debí Besar,C. Tangana,79,2019-09-12,0.672,0.684,9,-5.682,0,0.62,75.233,182816,95.65914056809905,3.0469333333333335
4yVO0wOhXsZC1RuPgHP524,Amigos Con Derechos,Reik,79,2019-05-31,0.678,0.806,1,-3.334,1,0.614,183.984,227480,95.65914056809905,3.7913333333333332
15xWRPHQMeqgdkGzInx3PY,Falling Like The Stars,James Arthur,79,2019-05-10,0.296,0.351,6,-9.538,1,0.19,177.596,212720,95.65914056809905,3.5453333333333332
23TPP1eeElFfvYVznskwCY,Glitter,BENEE,79,2019-06-28,0.801,0.589,7,-5.157,1,0.58,116.934,180147,95.65914056809905,3.00245
4S4Mfvv03M1cHgIOJcbUCL,In My Room,Frank Ocean,79,2019-11-02,0.861,0.647,7,-7.425,1,0.67,158.037,133680,95.65914056809905,2.228
43rA71bccXFGD4C8GOpIlN,I Forgot That You Existed,Taylor Swift,79,2019-08-23,0.664,0.316,5,-10.345,1,0.541,92.875,170640,95.65914056809905,2.844
7FEwp8BavoEVE3AnxJDchc,No Guidance (feat. Drake),Chris Brown,79,2019-06-08,0.698,0.454,1,-6.756,0,0.137,92.932,260640,95.65914056809905,4.344
18PergoIrGmRyeYxnaXJN2,Kill This Love,BLACKPINK,79,2019-04-05,0.738,0.861,2,-4.141,1,0.58,131.974,189052,95.65914056809905,3.1508666666666665
4jp4Z02kzzg8gK0NmDGgml,Play,K-391,78,2019-08-30,0.52,0.798,6,-5.498,0,0.168,101.944,167977,94.9890750182083,2.7996166666666666
0gcOnIUKIG6JF56iFUfE0p,Bonita,Juanes,78,2019-09-06,0.745,0.881,0,-2.587,1,0.961,157.985,147493,94.9890750182083,2.4582166666666665
29MOOOmMRPeWyPwKQFoF5t,I Feel Love,Sam Smith,78,2019-11-01,0.719,0.708,0,-7.418,1,0.256,126.015,254453,94.9890750182083,4.240883333333334
46D0hYb1B7qiU33VtXt21W,Easy,Camila Cabello,78,2019-10-11,0.574,0.593,4,-5.731,0,0.355,128.073,194686,94.9890750182083,3.2447666666666666
5nCthAh3jt4xKuLJAifAaR,Harleys In Hawaii,Katy Perry,78,2019-10-16,0.722,0.757,10,-6.207,0,0.721,140.094,185815,94.9890750182083,3.0969166666666665
6muOWhMh7Tf0UFUtMDBhUR,Orphans,Coldplay,78,2019-10-24,0.503,0.808,11,-5.051,0,0.283,107.975,197533,94.9890750182083,3.2922166666666666
2tOOcDDYkh0PSjr6GwPEAJ,Love Me Less (feat. Quinn XCII),MAX,78,2019-04-05,0.732,0.856,11,-2.2,0,0.771,145.034,177670,94.9890750182083,2.9611666666666667
5WtfUKzXircvW8l5aaVZWT,What A Time (feat. Niall Horan),Julia Michaels,78,2019-01-24,0.518,0.467,0,-6.184,1,0.386,132.854,173307,94.9890750182083,2.88845
5FNS5Vj69AhRGJWjhrAd01,Slow Dance,AJ Mitchell,78,2019-08-09,0.692,0.443,1,-5.671,1,0.363,127.899,178800,94.9890750182083,2.98
1y4jsQt7MjnZhiD1L6qFBC,Cradles,Sub Urban,78,2019-01-04,0.534,0.589,1,-1.865,1,0.632,78.616,209829,94.9890750182083,3.49715
7jzldCBnJjpJM3epzJ85KE,Tongue Tied (with YUNGBLUD & blackbear),Marshmello,78,2019-11-13,0.628,0.821,1,-2.721,0,0.465,93.001,186024,94.9890750182083,3.1004
66FltlEV09mPJYAyfYm8De,Bang Bang,YNW Melly,78,2019-11-22,0.657,0.522,10,-7.632,1,0.442,179.687,260333,94.9890750182083,4.338883333333333
4YrS33mjBWWchoLJTkAKwt,Go In,Lil Tjay,78,2019-12-13,0.799,0.698,9,-5.947,0,0.799,121.998,254963,94.9890750182083,4.249383333333333
43YQDj1KOPMFAUcTEPKy4p,Millions,Young Thug,78,2019-12-20,0.942,0.531,1,-7.51,1,0.74,99.027,157520,94.9890750182083,2.6253333333333333
4ak7xjvBeBOcJGWFDX9w5n,Rodeo,Lil Nas X,78,2019-06-21,0.706,0.679,9,-5.614,1,0.657,140.081,158707,94.9890750182083,2.6451166666666666
5lw8Mgb4LyhriPIC86gV6e,RNP (feat. Anderson .Paak),YBN Cordae,78,2019-07-26,0.611,0.714,9,-4.696,0,0.628,196.043,175828,94.9890750182083,2.9304666666666668
59ywHNwwchG4nZJMLyxSzd,Clout (feat. Cardi B),Offset,78,2019-02-22,0.919,0.622,1,-7.384,1,0.424,140.022,205803,94.9890750182083,3.43005
7rvyVWja33WG9R97oeJAjx,Envy Me,Calboy,78,2019-05-31,0.74,0.488,1,-7.664,0,0.584,149.042,120133,94.9890750182083,2.0022166666666665
18czZN7uruOjftj71Kt8oj,PAID MY DUES,NF,78,2019-12-03,0.812,0.784,2,-4.208,1,0.38,145.995,211644,94.9890750182083,3.5274
36TO60sxDduIsO3xH8IcUh,Isis,Joyner Lucas,78,2019-05-23,0.918,0.837,1,-6.792,1,0.855,120.017,236000,94.9890750182083,3.933333333333333
020wG4EHTwBy5h2rbpxqvK,SUPREME - L'ego (feat. tha Supreme & Sfera Ebbasta),Marracash,78,2019-10-31,0.656,0.661,9,-5.888,1,0.509,140.956,223045,94.9890750182083,3.717416666666667
0oR0Wr9N52K1vbAOuGvMJz,blun7 a swishland,tha Supreme,78,2019-11-08,0.692,0.792,7,-5.984,1,0.566,129.883,167760,94.9890750182083,2.796
69dXVFCMiz3SL1L7M24NdX,bad vibes forever,XXXTENTACION,78,2019-11-22,0.799,0.526,8,-5.153,1,0.746,129.875,150475,94.9890750182083,2.5079166666666666
46lvmzK8wxAy66tjzXXSh0,Tal Vez,Paulo Londra,78,2019-04-03,0.849,0.655,8,-2.899,1,0.76,161.966,264483,94.9890750182083,4.40805
5KbBGUpIZd6gVFUU8tqYiQ,Si Se Da,Myke Towers,78,2019-02-26,0.83,0.71,11,-5.523,0,0.703,93.977,237013,94.9890750182083,3.9502166666666665
471HeGJPKw07MObixON0Um,Tabú,Pablo Alborán,78,2019-11-06,0.748,0.808,9,-5.943,0,0.553,99.997,179775,94.9890750182083,2.99625
3bCuNSiaBHqxdevMYEnGpe,Tanto,Jesse & Joy,78,2019-10-04,0.766,0.729,11,-4.534,1,0.62,143.955,220701,94.9890750182083,3.67835
2zkVH2daHyjS51g7PRJFDn,¿Qué Ha Pasao'?,Abraham Mateo,78,2019-10-01,0.648,0.752,7,-4.13,1,0.405,178.228,198053,94.9890750182083,3.300883333333333
0PaNKfwdqHjmW7hVEQ0lbu,La Difícil,Camilo,78,2019-12-20,0.675,0.36,1,-6.66,0,0.553,64.921,158533,94.9890750182083,2.6422166666666667
47LFcy7prvEY5D08d26zOo,40%,Aya Nakamura,78,2019-10-25,0.841,0.693,11,-7.335,1,0.677,92.021,174933,94.9890750182083,2.91555
4TnFANpjVwVKWzkxNzIyFH,Ne reviens pas,Gradur,78,2019-11-29,0.932,0.778,10,-3.384,0,0.933,124.996,188613,94.9890750182083,3.14355
63SHcJzckFykS8faA5zojY,Vem Me Satisfazer,MC Ingryd,78,2019-08-20,0.862,0.561,8,-5.703,1,0.541,99.864,188388,94.9890750182083,3.1398
4xvTPuwHaXoDM3p0QcY7bH,Música,DJ Luian,78,2019-12-04,0.788,0.82,1,-4.346,0,0.854,177.927,223815,94.9890750182083,3.73025
5BDP2tky8oMQJPS33frKVp,Un Año,Sebastian Yatra,78,2019-01-18,0.771,0.382,1,-6.808,0,0.535,94.931,164440,94.9890750182083,2.740666666666667
6qoIFQfdmaQF9A1gb67tR7,Ocean,KAROL G,78,2019-05-03,0.727,0.482,11,-6.193,1,0.487,74.93,155947,94.9890750182083,2.5991166666666667
4k9byIhs9ppbYWE22waJMB,No Te Vayas,Camilo,78,2019-03-29,0.766,0.721,6,-4.46,0,0.81,92.001,201227,94.9890750182083,3.3537833333333333
4SJHHpKhcuXwDsCsPqshXj,El Efecto,Rauw Alejandro,78,2019-03-15,0.849,0.781,0,-4.635,0,0.893,84.041,217143,94.9890750182083,3.61905
3SZqA7rQvROJsCbUu2v0xa,Go Loko,YG,78,2019-05-03,0.88,0.67,2,-5.188,1,0.142,100.995,299227,94.9890750182083,4.987116666666667
4k3uABcX9iaGlt5pRJhumi,stupid,Tate McRae,78,2019-12-06,0.673,0.579,0,-6.029,0,0.262,96.009,172916,94.9890750182083,2.8819333333333335
00GxbkrW4m1Tac5xySEJ4M,Ti volevo dedicare (feat. J-AX & Boomdabash),Rocco Hunt,78,2019-08-30,0.754,0.725,8,-6.058,1,0.271,120.002,208133,94.9890750182083,3.4688833333333333
29caulxU0jxucdVIyhSJTc,Amor de Que,Pabllo Vittar,78,2019-10-31,0.737,0.819,11,-5.056,0,0.904,139.988,157929,94.9890750182083,2.63215
6ZWkf3FDQQmyeel23ECpIP,Carreira Solo - Ao Vivo,Gusttavo Lima,78,2019-10-31,0.806,0.933,2,-1.152,1,0.916,126.957,215767,94.9890750182083,3.5961166666666666
5n8Y78Pl5q8lqS7sJP61qw,Relógio Parado (Ao Vivo),Diego & Arnaldo,78,2019-10-11,0.741,0.943,1,-1.401,1,0.725,124.984,180736,94.9890750182083,3.0122666666666666
2kOmW169C7UV4SZDN9u0YO,Vidrado Em Você,Dj Guuga,78,2019-06-11,0.843,0.925,2,0.302,1,0.59,159.926,134769,94.9890750182083,2.24615
2KyXyTrp3kp1Fsg7B1osYD,"Para, Pensa e Volta - Ao Vivo",Yasmin Santos,78,2019-06-28,0.611,0.791,2,-3.095,1,0.572,111.928,174179,94.9890750182083,2.9029833333333332
4gDvg62vG96w0qJaF6wzcd,A Culpa é do Meu Grau (feat. Zé Neto & Cristiano) - Ao Vivo em Brasília,Diego & Victor Hugo,78,2019-03-22,0.542,0.876,6,-3.378,1,0.634,118.777,182735,94.9890750182083,3.0455833333333335
35MKhw2YBKApmD7fAnPERC,Faith (with Dolly Parton) [feat. Mr. Probz],Galantis,77,2019-10-25,0.547,0.795,8,-3.721,1,0.723,118.118,186805,94.2461762563729,3.1134166666666667
7M9w4C8WenlvWfNRAulZOX,Narcotic,Younotus,77,2019-04-26,0.749,0.668,10,-5.964,0,0.366,108,192387,94.2461762563729,3.20645
671sG3ETDxC3L6qcGIrHRM,A Dónde Vamos,Morat,77,2019-10-31,0.627,0.608,0,-12.914,1,0.955,149.029,203102,94.2461762563729,3.3850333333333333
0OP1RzrglC008kj79Httv3,Zorra,Bad Gyal,77,2019-12-12,0.637,0.65,11,-6.646,1,0.736,176.075,186120,94.2461762563729,3.102
3mN2DtljBhnrIpc3Nu2pJ8,Déjate Querer,Lalo Ebratt,77,2019-02-28,0.755,0.792,6,-4.238,1,0.844,106.014,202824,94.2461762563729,3.3804
1pfgsjmxVZhoZpeDx6POKv,Bones (feat. OneRepublic),Galantis,77,2019-01-31,0.658,0.804,0,-5.735,1,0.508,120.047,205793,94.2461762563729,3.429883333333333
073ILU1C3APNRGF66VhtyA,Liar,Camila Cabello,77,2019-12-06,0.74,0.498,11,-6.684,0,0.652,98.016,207039,94.2461762563729,3.45065
6l7lX8hJXVIUyPrTaabpqk,Ready,Alessia Cara,77,2019-07-22,0.529,0.496,0,-6.668,0,0.588,74.619,178747,94.2461762563729,2.9791166666666666
5i2JGF65pHKSfMEjSMrBC3,Jesus In LA,Alec Benjamin,77,2019-07-16,0.767,0.627,0,-4.096,1,0.689,94.028,172606,94.2461762563729,2.8767666666666667
26wLOs3ZuHJa2Ihhx6QIE6,Teeth,5 Seconds of Summer,77,2019-08-23,0.749,0.461,10,-2.961,0,0.42,139.02,204887,94.2461762563729,3.4147833333333333
5C0ivQMxes2lWuOANhvVAm,GIANTS,True Damage,77,2019-11-10,0.642,0.683,1,-5.386,1,0.584,154.881,191720,94.2461762563729,3.195333333333333
1LHfEkVMR0Yj20C8lWdgpA,Unbelievable,Why Don't We,77,2019-05-16,0.532,0.66,7,-7.138,1,0.676,130.013,189385,94.2461762563729,3.156416666666667
6VYXuUz1nYMap8gtqeIrQB,I Think I Luv Her,Tyla Yaweh,77,2019-09-27,0.902,0.608,11,-6.238,1,0.836,84.001,160742,94.2461762563729,2.6790333333333334
3Kd6Wp3lG5HXMB2dlvuy7y,Death,Trippie Redd,77,2019-11-22,0.802,0.82,10,-5.969,0,0.613,164.005,172196,94.2461762563729,2.8699333333333334
5r7WvQtyPfy1xch5zMgGRp,Behind Barz - Bonus,Drake,77,2019-09-13,0.854,0.554,8,-4.684,1,0.272,142.069,163121,94.2461762563729,2.7186833333333333
51wFQM8W0YfXTmHusXUr5i,MAMACITA,Tyga,77,2019-10-25,0.786,0.733,6,-4.961,0,0.358,101.046,202653,94.2461762563729,3.37755
643PW82aBMUa1FiWi5VQY7,Babushka Boi,A$AP Rocky,77,2019-08-28,0.897,0.743,10,-5.446,0,0.905,134.979,187105,94.2461762563729,3.1184166666666666
7b4ky1LlQLFhXHmhZkFgqV,Ladbroke Grove,AJ Tracey,77,2019-02-08,0.903,0.839,11,-9.447,0,0.727,133.986,190537,94.2461762563729,3.1756166666666665
3Dkfcd3DbXGVmM05KCRuFA,CASINO ROYAL,Kianush,77,2019-12-05,0.754,0.68,0,-6.331,0,0.499,118.008,171356,94.2461762563729,2.855933333333333
26FNTVsgF4m31xvDgFfhGW,Mit Dir,Loredana,77,2019-12-20,0.752,0.526,1,-5.863,0,0.643,195.897,158049,94.2461762563729,2.63415
6oX9RuILbVIglevEhbg8iM,KARMA,Nimo,77,2019-10-31,0.698,0.634,0,-6.121,0,0.528,159.992,255133,94.2461762563729,4.2522166666666665
7xRWmHZ2wt3zDgM5mAL0JU,"Aleman: Bzrp Music Sessions, Vol. 15",Bizarrap,77,2019-09-13,0.813,0.884,2,-4.817,1,0.646,126.892,174178,94.2461762563729,2.9029666666666665
29ZXwWOOLz9t5fa3eT3i7T,223's (feat. 9lokknine),YNW Melly,77,2019-11-22,0.932,0.547,0,-7.787,0,0.695,94.998,176640,94.2461762563729,2.944
1Xm2e1vDwOMeJJioWuG1s7,Soldi in Nero - feat. Sfera Ebbasta,Shiva,77,2019-11-28,0.748,0.662,6,-4.832,0,0.346,157.918,183797,94.2461762563729,3.063283333333333
2NSWi83peog6gHerzlMCqU,Love Me More,Trippie Redd,77,2019-11-01,0.638,0.539,10,-5.853,1,0.247,83.381,143713,94.2461762563729,2.3952166666666668
5qN1G8fSHq4Sv5FRoOkNGu,Por Eso Vine,Paulo Londra,77,2019-05-23,0.76,0.646,8,-5.048,0,0.625,188.009,178534,94.2461762563729,2.9755666666666665
5mpUKTdskZea0gStWzeHUZ,Unsainted,Slipknot,77,2019-08-09,0.427,0.946,7,-2.188,1,0.237,101.305,260773,94.2461762563729,4.346216666666667
2egI1hFZDAYrkCgtepoore,Cristina (feat. Shelow Shaq),Maffio,77,2019-03-29,0.861,0.599,1,-4.205,1,0.869,102.119,186893,94.2461762563729,3.1148833333333332
6Y6YC93R1r0CISm5iC4j27,BOTA FUEGO,Mau y Ricky,77,2019-10-11,0.728,0.83,11,-4,1,0.633,175.984,223187,94.2461762563729,3.7197833333333334
1fXKStjVOTmBEwjAnFSNkc,Enamórate De Alguien Más,Morat,77,2019-12-12,0.592,0.643,11,-5.608,1,0.579,145.979,229107,94.2461762563729,3.81845
02lGHA7bFFplYLihnUWTx8,Tequila,Juanes,77,2019-11-22,0.757,0.688,9,-4.546,1,0.704,155.994,159547,94.2461762563729,2.659116666666667
2iuNKcIOuHb9VIplN7NDoa,Distant,Maes,77,2019-12-19,0.747,0.731,4,-6.305,0,0.493,105.074,162013,94.2461762563729,2.7002166666666665
4ggiDYAkJ7Yk8d5xOr7Xjo,Me Niego (feat. Ozuna & Wisin),Reik,77,2019-05-31,0.777,0.782,0,-4.435,0,0.773,94.023,221653,94.2461762563729,3.6942166666666667
4DbhxwlkhTbCTqlZptxmI6,Swing,Danny Ocean,77,2019-03-22,0.729,0.616,8,-6.422,1,0.532,106.486,155058,94.2461762563729,2.5843
1kMUGCt7XLDc5Q64Vl0H8S,Bellacoso,Residente,77,2019-07-26,0.774,0.851,11,-2.795,0,0.695,180.086,257865,94.2461762563729,4.29775
5YrjfKuFd0pMmYTGeRDV6X,Piropo,Noriel,77,2019-10-25,0.866,0.747,9,-5.748,1,0.772,93.984,220133,94.2461762563729,3.6688833333333335
0PabDDMMzwmn9cfJsfes7W,Chica Bombastic,Wisin & Yandel,77,2019-10-18,0.777,0.754,8,-3.392,1,0.78,171.992,193147,94.2461762563729,3.219116666666667
6qqd7DGn2VXzxsR4k3Ycun,Fantasias - Unplugged,Rauw Alejandro,77,2019-11-05,0.714,0.528,0,-5.219,1,0.538,91.952,200594,94.2461762563729,3.3432333333333335
0tJCo71s7HT9Mu5Z4juuLw,Solita,Sech,77,2019-04-19,0.679,0.831,2,-1.866,1,0.88,88.792,219520,94.2461762563729,3.6586666666666665
34ZngZgo8xicbt1EE8Ob8Z,Porno,Rich Music LTD,77,2019-10-11,0.535,0.71,1,-2.978,0,0.523,92.009,212653,94.2461762563729,3.544216666666667
1i3z3GR1JtLswOSJNO0BQw,"You Can't Stop The Girl (From Disney's ""Maleficent: Mistress of Evil"")",Bebe Rexha,77,2019-09-20,0.394,0.718,7,-6.336,1,0.247,151.912,158258,94.2461762563729,2.6376333333333335
79JBjIq90BrQ8Ws0pUhlzD,Mad Love,Mabel,77,2019-06-07,0.622,0.796,0,-2.999,0,0.62,197.705,169813,94.2461762563729,2.830216666666667
6PYnUsNEpYC7A4BS2sjw3L,Right Back (feat. A Boogie Wit Da Hoodie),Khalid,77,2019-08-13,0.786,0.428,5,-10.011,0,0.556,97.001,255000,94.2461762563729,4.25
3LgWsmilsrWXiPYQFRD0T7,goodbye,Billie Eilish,77,2019-03-29,0.153,0.138,6,-21.877,0,0.0503,74.318,119410,94.2461762563729,1.9901666666666666
1bQhZOoXYqjXs7u7rFXo0h,You & Me,James TW,77,2019-04-26,0.714,0.686,11,-6.333,1,0.828,127.015,231653,94.2461762563729,3.8608833333333332
2WyRfGeHo97VC5mP1BBSzr,Mother's Daughter,Miley Cyrus,77,2019-05-31,0.681,0.865,1,-4.132,0,0.528,91.017,219080,94.2461762563729,3.6513333333333335
7tN0ceaX3JAz6aVtyXn9mn,Chills,Why Don't We,77,2019-12-30,0.615,0.689,1,-5.332,1,0.783,162.919,165597,94.2461762563729,2.75995
5Vzpmk27VQ9M77SCkSkERq,Future Nostalgia,Dua Lipa,77,2019-12-13,0.875,0.813,7,-4.502,1,0.859,114.994,184882,94.2461762563729,3.081366666666667
79zshLLUoqncCBkd9YfVUE,Light,Jerome,77,2019-05-10,0.36,0.89,8,-5.645,1,0.0897,106.554,185916,94.2461762563729,3.0986
0YU17F0BlVXvmx5ytsR43w,Monster,LUM!X,77,2019-04-19,0.83,0.794,8,-6.279,0,0.607,128.16,154226,94.2461762563729,2.5704333333333333
1owErGXMkNVCgCmCjI1vRL,Quem Traiu Levou - Ao Vivo,Gusttavo Lima,77,2019-09-12,0.583,0.958,11,-2.395,1,0.826,173.937,154183,94.2461762563729,2.569716666666667
4Gcv5SsxnQWpmOnUI19EJk,All You Need To Know (feat. Calle Lehmann),Gryffin,76,2019-03-27,0.513,0.788,0,-4.629,1,0.234,139.987,238459,93.45957756737072,3.9743166666666667
1ahVFh0ViDZr8LvkEVlq3B,No Sleep (feat. Bonn),Martin Garrix,76,2019-02-21,0.44,0.635,11,-6.385,1,0.327,128.133,207095,93.45957756737072,3.4515833333333332
4Tvw0lweq9l2JPQKFbpbBQ,Better When You're Gone,David Guetta,76,2019-02-08,0.647,0.795,1,-3.548,0,0.409,127.992,192402,93.45957756737072,3.2067
35mMXfym6C9VOTUVrcKKZp,We Got Love,Sigala,76,2019-11-01,0.722,0.812,9,-3.352,0,0.657,124.909,213041,93.45957756737072,3.550683333333333
430efk5Jc5wGay4EWP4snS,Baianá,Bakermat,76,2019-11-08,0.497,0.755,2,-6.948,0,0.493,121.869,182187,93.45957756737072,3.03645
7vJS1DPc3FzBtqBs8n3mW5,Bad To You (with Normani & Nicki Minaj),Ariana Grande,76,2019-11-01,0.727,0.583,7,-7.385,0,0.629,147.983,171840,93.45957756737072,2.864
3je88Q4OvTqIx7BFRFYvRA,Phases,PRETTYMUCH,76,2019-04-26,0.77,0.636,11,-6.724,0,0.492,105.93,215760,93.45957756737072,3.596
7uYIX9O9DY6l1D3HiwHR1J,Freaking Me Out,Ava Max,76,2019-07-31,0.429,0.553,1,-4.838,0,0.382,97.954,192456,93.45957756737072,3.2076
6TfeXwJihJRuBW3mFpib6J,DANCE,CLMD,76,2019-10-18,0.766,0.548,7,-7.834,1,0.552,122.012,174448,93.45957756737072,2.9074666666666666
4uTvPEr01pjTbZgl7jcKBD,NASA,Ariana Grande,76,2019-02-08,0.747,0.458,6,-6.891,1,0.47,75.029,182000,93.45957756737072,3.033333333333333
39LmTF9RgyakzSYX8txrow,imagine,Ariana Grande,76,2019-02-08,0.729,0.475,8,-4.985,1,0.371,62.52,212267,93.45957756737072,3.5377833333333335
2v5JTeM6hSmi5wWy7jiwrI,I've Been Waiting (w/ ILoveMakonnen & Fall Out Boy),Lil Peep,76,2019-01-31,0.741,0.845,5,-3.568,0,0.926,129.939,233613,93.45957756737072,3.89355
4D7ERaKgv8NAeck8RzUtRz,Younger,Jonas Blue,76,2019-09-06,0.784,0.845,3,-2.793,1,0.888,105.981,194721,93.45957756737072,3.24535
6wyr4ReB05D9sJB1Rsmcqo,Chicken Noodle Soup (feat. Becky G),j-hope,76,2019-09-27,0.826,0.817,2,-4.081,1,0.168,97.053,235497,93.45957756737072,3.92495
79s5XnCN4TJKTVMSmOx8Ep,Dior,Pop Smoke,76,2019-07-26,0.548,0.805,7,-5.732,1,0.648,142.094,216387,93.45957756737072,3.60645
7cyeGclH71MayOuQ7qtLFl,BIG,Young M.A,76,2019-09-27,0.86,0.507,0,-5.776,0,0.15,85.005,225920,93.45957756737072,3.7653333333333334
5L0X8T8HNaUAIYw1oofg1M,ADHD,Joyner Lucas,76,2019-09-12,0.574,0.788,10,-6.778,1,0.34,83.94,205803,93.45957756737072,3.43005
07s9NNOT0sZQp7TyolLLgu,Own It (feat. Ed Sheeran & Burna Boy),Stormzy,76,2019-11-22,0.817,0.781,7,-4.178,0,0.359,104,216707,93.45957756737072,3.6117833333333333
0PXukVbYpvz40KcEFKnIw7,Don't Rush (feat. Headie One),Young T & Bugsey,76,2019-11-07,0.961,0.461,9,-8.684,1,0.324,108.028,207640,93.45957756737072,3.4606666666666666
0WFgtxiLNr99YaoSdYR3Ud,Honda Civic,The Cratez,76,2019-09-27,0.704,0.782,1,-5.471,0,0.346,93.35,158061,93.45957756737072,2.63435
4dAMdQ6g4kGmnc1MDHsg77,Shotta Flow,NLE Choppa,76,2019-01-17,0.888,0.43,9,-6.728,1,0.45,120.088,160013,93.45957756737072,2.6668833333333333
2yuYI5NFhevxa05se7Qht9,ANSIA NO,FSK SATELLITE,76,2019-12-05,0.823,0.678,1,-6.664,1,0.706,160.133,148500,93.45957756737072,2.475
6G0FACzGN80Dj2v4ass5rq,gone girl,iann dior,76,2019-07-04,0.677,0.714,11,-5.637,1,0.355,94.956,136568,93.45957756737072,2.276133333333333
4wyNKAZe82BNlp2lHiR1FX,CANGURO,WOS,76,2019-08-09,0.602,0.751,1,-4.358,1,0.934,163.874,196745,93.45957756737072,3.2790833333333333
29ShXDWDedEwZkYc8Du08N,Imaginate,Rich Music LTD,76,2019-10-11,0.691,0.751,0,-4.275,1,0.672,169.884,225013,93.45957756737072,3.7502166666666668
4ziiAuFyXiY1HNSLGM1xv8,DOLLAR,Becky G,76,2019-07-10,0.862,0.5,2,-6.875,1,0.697,76.992,203486,93.45957756737072,3.3914333333333335
1g2Z2lOrwayOzDqOc8EfbR,La Cartera,Farruko,76,2019-04-26,0.771,0.796,10,-4.106,0,0.636,87.985,289907,93.45957756737072,4.831783333333333
2sRhe52xJklfzRIe0K6puw,Voy Por Ti,Cali Y El Dandee,76,2019-11-08,0.722,0.852,8,-3.436,1,0.775,179.962,212133,93.45957756737072,3.53555
1CaBwYdWhxUeE4j3w0WqbL,Primer Avión,Matisse,76,2019-10-25,0.638,0.59,0,-6.203,1,0.449,165.97,183362,93.45957756737072,3.056033333333333
1ScD7XQYCKmJ3fdNh71lUE,Bailemos,Manuel Turizo,76,2019-08-23,0.772,0.626,1,-5.107,0,0.895,169.934,206295,93.45957756737072,3.43825
4gqMVEJSaL5nNeKj5WmVoT,No Lo Trates,Pitbull,76,2019-04-26,0.834,0.808,11,-2.597,1,0.829,104.026,198453,93.45957756737072,3.30755
6JqpFboOH2bq9pzaYbkKBn,R.I.P. (feat. Rita Ora & Anitta),Sofia Reyes,76,2019-03-15,0.764,0.752,8,-3.713,0,0.698,100.066,187200,93.45957756737072,3.12
1yTTMcUhL7rtz08Dsgb7Qb,The Bones - with Hozier,Maren Morris,76,2019-10-04,0.561,0.597,11,-6,0,0.355,76.826,197299,93.45957756737072,3.2883166666666668
3H3r2nKWa3Yk5gt8xgmsEt,This City,Sam Fischer,76,2019-12-13,0.602,0.377,11,-6.213,1,0.518,73.877,194853,93.45957756737072,3.24755
5m3jpKkgkfoMcym1qjToFg,Jangueo,Alex Rose,76,2019-11-08,0.851,0.688,11,-4.038,1,0.732,103.982,259600,93.45957756737072,4.326666666666667
6TvNO32huOBlWG5o69i1v7,FRESH KERIAS,Feid,76,2019-11-01,0.741,0.584,8,-4.446,1,0.734,186.096,272800,93.45957756737072,4.546666666666667
1KfrcxnOLyDhd3p4hGrhVe,Diavla,Chris Viz,76,2019-04-10,0.84,0.617,5,-5.2,1,0.659,100.001,265941,93.45957756737072,4.43235
5UVa8Qqb9L1dVxl3jKQ5J1,Chicharrón,Guaynaa,76,2019-08-16,0.734,0.789,10,-4.305,0,0.811,76.182,195867,93.45957756737072,3.26445
1RKZvaLj3UPhGjZkaIrFm7,Que Calor (feat. J Balvin & El Alfa),Major Lazer,76,2019-09-11,0.795,0.885,8,-4.13,1,0.46,126.037,169998,93.45957756737072,2.8333
7ntUbTIwmwOD6ygCMRZT6e,"Writing on the Wall (feat. Post Malone, Cardi B & Rvssian)",French Montana,76,2019-12-06,0.774,0.836,9,-2.323,0,0.494,112.014,201271,93.45957756737072,3.3545166666666666
028JxheELfIvvY4zBXuMjw,Heartless (feat. Mustard),Polo G,76,2019-09-20,0.776,0.64,7,-8.058,1,0.326,160.038,201627,93.45957756737072,3.36045
1xU2QZ40MY4Ex2pfczZa9U,Stack It Up (feat. A Boogie Wit da Hoodie),Liam Payne,76,2019-09-18,0.743,0.812,7,-3.069,1,0.606,100.047,166406,93.45957756737072,2.773433333333333
2zoNNEAyPK2OGDfajardlY,Rushing Back,Flume,76,2019-09-25,0.574,0.612,0,-4.741,1,0.368,136.046,231663,93.45957756737072,3.86105
4otQJBpb8okSeykALR3eCH,Something Real (with London On Da Track & Chris Brown),Summer Walker,76,2019-11-22,0.685,0.667,8,-3.837,1,0.643,95.518,183138,93.45957756737072,3.0523
1nal3Tf1OCV53KigMZXsZ7,None Of Your Concern,Jhené Aiko,76,2019-11-15,0.422,0.546,9,-8.155,0,0.385,74.741,262213,93.45957756737072,4.370216666666667
2xE16muNCmhZwSOv3i1d1H,Mood Swings,A Boogie Wit da Hoodie,76,2019-09-13,0.943,0.664,4,-5.952,0,0.93,120.051,156893,93.45957756737072,2.6148833333333332
6i9ToXS6CAfjpp8veBklg1,Café,Vitão,76,2019-03-08,0.776,0.5,11,-4.788,1,0.491,92.027,190435,93.45957756737072,3.1739166666666665
3O8X1DE9btbzy4UH9cSX9a,Borderline,Tame Impala,76,2019-04-12,0.598,0.71,0,-6.839,0,0.726,97.976,274294,93.45957756737072,4.5715666666666666
7yfi8B8opXjnRh4VZnOkz9,Cool,Jonas Brothers,76,2019-06-07,0.683,0.598,0,-5.487,1,0.62,78.969,167107,93.45957756737072,2.7851166666666667
2JbPEAf12Ju2CxSIoZC89d,Tutto Questo Sei Tu,Ultimo,76,2019-12-13,0.45,0.514,2,-5.571,1,0.421,161.973,245053,93.45957756737072,4.084216666666666
4SpV49wwekArulAVjEez3i,BRAVI A CADERE - I polmoni,Marracash,76,2019-10-31,0.608,0.693,5,-5.676,0,0.276,95.005,200214,93.45957756737072,3.3369
3EludUFeAoJAwSixWGG5Wg,Wrong,Luh Kel,76,2019-04-05,0.745,0.728,0,-3.39,1,0.39,120.099,130876,93.45957756737072,2.1812666666666667
4HUZBG98TYbxSR9V1V2DWS,Tudo Ok,Thiaguinho MT,76,2019-11-15,0.814,0.755,11,-6.164,0,0.963,79.975,178500,93.45957756737072,2.975
3UYiU57SMiAS5LqolhHJw1,Shameless,Camila Cabello,76,2019-09-05,0.377,0.651,4,-5.437,0,0.0851,129.698,219742,93.45957756737072,3.6623666666666668
1z1XegUChLLQfcbtIK8ABn,Body Back (feat. Maia Wright),Gryffin,75,2019-10-18,0.686,0.83,8,-4.437,1,0.486,123.032,214634,92.52731245447924,3.5772333333333335
70YPzqSEwJvAIQ6nMs1cjY,In Your Arms (with X Ambassadors),ILLENIUM,75,2019-08-16,0.404,0.806,2,-4.75,1,0.112,148.036,220730,92.52731245447924,3.6788333333333334
6y1UtRcHQU07aUs3oxZ8Yn,Sorry,Joel Corry,75,2019-04-05,0.744,0.79,8,-4.617,0,0.847,125.002,188640,92.52731245447924,3.144
79Vz5MNH7Qe4F7hPKT8tPz,BLUE,Tiësto,75,2019-12-13,0.744,0.725,11,-6.055,1,0.904,118.034,167859,92.52731245447924,2.79765
1yAPglN5AGf7UoLK062ZYq,Wish You Well,Sigala,75,2019-05-24,0.669,0.895,5,-3.787,0,0.576,124.964,205653,92.52731245447924,3.42755
36orMWv2PgvnzXsd5CJ0yL,Post Malone (feat. RANI),Sam Feldt,75,2019-08-16,0.59,0.642,7,-3.87,1,0.651,107.356,174444,92.52731245447924,2.9074
5naYe7rLMZcLfO1DKg48MK,All Day And Night,Jax Jones,75,2019-07-12,0.567,0.765,1,-4.107,0,0.541,121.924,169467,92.52731245447924,2.82445
4ESPuOrSsRcBISzcMlzmY5,Sad (feat. Afrojack),Chico Rose,75,2019-08-30,0.717,0.716,3,-5.485,0,0.206,125.064,161280,92.52731245447924,2.688
5WrEilrRI5cIW0DxMvQYPZ,Jopping,SuperM,75,2019-10-04,0.74,0.835,10,-3.425,0,0.535,123.024,251293,92.52731245447924,4.1882166666666665
3O0e0LHTpza0rYVDbZfQ4r,Can We Pretend (feat. Cash Cash),P!nk,75,2019-04-11,0.524,0.806,1,-3.447,0,0.45,115.172,224360,92.52731245447924,3.739333333333333
7tQ24skemknA6PPh6gwFi1,Mejores Amigos,Yera,75,2019-09-26,0.624,0.74,4,-6.965,1,0.905,89.983,205369,92.52731245447924,3.422816666666667
6N22FZs2ZhPBYi3b9XPajV,Still Don't Know My Name,Labrinth,75,2019-10-04,0.314,0.63,5,-5.963,1,0.312,88.244,153294,92.52731245447924,2.5549
00Z0GIRi0l7WqQnQJCo5S2,Don't Let It Break Your Heart - Single Edit,Louis Tomlinson,75,2019-11-23,0.362,0.708,10,-4.046,1,0.513,166.31,196160,92.52731245447924,3.2693333333333334
7hzlzoOwCZ4D3Ow5YZK4kj,Insomnia,Daya,75,2019-03-08,0.754,0.653,7,-5.095,1,0.379,123.084,179746,92.52731245447924,2.9957666666666665
0L1IszgjzIZRBENyHJTQms,Dear Society,Madison Beer,75,2019-05-17,0.65,0.594,7,-6.374,0,0.416,145.944,179577,92.52731245447924,2.99295
3Lp8Xd2K7TwlY32SPvXkvF,Lonely,Noah Cyrus,75,2019-09-27,0.594,0.26,5,-9.062,1,0.303,84.648,144387,92.52731245447924,2.40645
68rVGSTnCiFOET9k5Vd8Se,parents,YUNGBLUD,75,2019-10-18,0.618,0.823,7,-4.76,1,0.58,82.004,171880,92.52731245447924,2.8646666666666665
3JERoo6pokCgQ81z79Jpmo,That's Tuff (feat. Quavo),Rich The Kid,75,2019-12-06,0.903,0.636,10,-4.313,0,0.308,137.993,154000,92.52731245447924,2.566666666666667
6piAUJJQFD8oHDUr0b7l7q,VALENTINO,24kGoldn,75,2019-11-22,0.747,0.717,9,-4.841,0,0.523,150.965,179133,92.52731245447924,2.98555
54yCP5dfn4uvU5h37aE8f4,Out Of Your Mind (feat. Swae Lee & Chris Brown),French Montana,75,2019-12-06,0.718,0.882,4,-4.677,0,0.611,95.005,194171,92.52731245447924,3.2361833333333334
6ya8ejoKgw906Y8LWclqrp,Racks In The Middle (feat. Roddy Ricch and Hit-Boy),Nipsey Hussle,75,2019-02-15,0.671,0.833,5,-5.152,0,0.702,79.351,233278,92.52731245447924,3.887966666666667
4XiGKQqbmnMVxDzUj6j3f2,Worth It,YK Osiris,75,2019-02-08,0.764,0.528,5,-4.082,0,0.422,123.936,189253,92.52731245447924,3.1542166666666667
2sqsNXfN0HtgDEgaHXiUTa,Won't Be Late (feat. Drake),Swae Lee,75,2019-08-16,0.915,0.588,7,-6.302,0,0.329,123.936,218710,92.52731245447924,3.645166666666667
1s0nANz8q6gEZOms034GbU,PHANTOM,reezy,75,2019-10-25,0.866,0.533,0,-7.512,0,0.325,88.993,170227,92.52731245447924,2.8371166666666667
6WSwle8wTdJhOGEukwTxWf,95 BPM,Samra,75,2019-12-09,0.641,0.869,7,-2.953,1,0.581,94.528,154105,92.52731245447924,2.568416666666667
5FDCDBFDKpf7TLzDx6r2Lp,Big Boy Diamonds (feat. Kodak Black & London on Da Track),Gucci Mane,75,2019-10-18,0.883,0.635,0,-6.284,0,0.542,129.042,151482,92.52731245447924,2.5247
2f237byd0A2w0fLlnVDOV4,Patek,Ozuna,75,2019-11-29,0.839,0.554,0,-6.124,1,0.727,139.952,249733,92.52731245447924,4.162216666666667
38kLHBjtWJaPXcyFhwRVtI,Kemba Walker,Eladio Carrion,75,2019-08-06,0.832,0.59,8,-7.168,0,0.596,146.939,152960,92.52731245447924,2.5493333333333332
64IRsSyqwD0CBbFAfrR0rT,Mami,Paloma Mami,75,2019-12-10,0.8,0.717,3,-6.354,0,0.513,95.018,194526,92.52731245447924,3.2421
08ilexedmUuccTWTeK7Dvb,"John C: Bzrp Music Sessions, Vol. 18",Bizarrap,75,2019-11-20,0.698,0.714,11,-6.178,1,0.864,112.856,133692,92.52731245447924,2.2282
4GssB27iJeqmfGxS94Tfij,Popular Monster,Falling In Reverse,75,2019-11-20,0.461,0.897,3,-3.982,0,0.358,165.107,220537,92.52731245447924,3.6756166666666665
6ADPydLM8fmi6fjO9ZXAb8,Forest Rain,Rain Recordings,75,2019-09-06,0.0771,1,3,-16.54,0,1e-5,171.623,170000,92.52731245447924,2.8333333333333335
65HT0L2eAtvbH56XrJqPbf,Pegao,CNCO,75,2019-10-11,0.73,0.725,0,-6.446,1,0.571,95.061,204000,92.52731245447924,3.4
7knLcYCOSaURD0d7HUULFM,COMO UN BEBÉ,J Balvin,75,2019-06-28,0.825,0.807,6,-5.753,1,0.816,103.053,218827,92.52731245447924,3.647116666666667
0KzhyaVtr2v4J9GVdMgCk0,Gangsta,Darkoo,75,2019-11-08,0.708,0.649,0,-7.961,1,0.595,200.125,216000,92.52731245447924,3.6
6z8sQFj47s9ZG0Ls1k9Gct,Dime tú,Danny Ocean,75,2019-10-25,0.831,0.648,2,-8.433,1,0.171,117.98,210302,92.52731245447924,3.5050333333333334
5lwVd35Zg6DJ4qibVMq99H,Date La Vuelta,Luis Fonsi,75,2019-04-24,0.747,0.825,6,-2.903,1,0.866,94.006,219773,92.52731245447924,3.6628833333333333
6rXxAohZzTDsP5KT3IDFIU,Cúrame (feat. Manuel Turizo),Prince Royce,75,2019-06-07,0.758,0.629,10,-5.579,1,0.575,97.006,203923,92.52731245447924,3.3987166666666666
0mlAOSILGRys2IbvyOT5VJ,Échame La Culpa,Luis Fonsi,75,2019-02-01,0.733,0.897,0,-3.652,1,0.649,96.006,173800,92.52731245447924,2.8966666666666665
09oZ9eXQ2fo6YDrPzJqAoP,Outta My Head (with John Mayer),Khalid,75,2019-04-05,0.729,0.545,0,-7.818,1,0.514,103.012,177067,92.52731245447924,2.9511166666666666
6Dma0t0hOe6Bd6u5YRKF3n,"No New Friends (feat. Sia, Diplo, and Labrinth)",Sia,75,2019-04-12,0.725,0.703,7,-4.641,1,0.638,106.032,175827,92.52731245447924,2.93045
2ohqtT8jp5VeSBAtBEpSqA,Toxico,Brytiago,75,2019-11-15,0.86,0.63,7,-5.837,1,0.596,90.028,195667,92.52731245447924,3.2611166666666667
0mcBgVRVsvESTkEyVHt7Ue,No Vuelvas Más,Darell,75,2019-12-06,0.866,0.602,11,-5.236,1,0.836,95.016,239093,92.52731245447924,3.9848833333333333
0UfVfRSmy4xMyi67LKH5zZ,"La Isla (with Sech & Dalex feat. Justin Quiles, La Exce, Feid, Zion)",Dimelo Flow,75,2019-11-29,0.794,0.777,5,-2.457,0,0.811,90.032,266774,92.52731245447924,4.446233333333334
4dqoJHdxf9Ez4DDqGh2PBc,Ya No Mas,Fer Palacio,75,2019-03-21,0.795,0.676,6,-6.429,1,0.882,100.045,158447,92.52731245447924,2.6407833333333333
7DOh0tBGnyMt6C5OO7o8Yq,Nada,Cazzu,75,2019-06-03,0.898,0.543,6,-8.317,0,0.359,98.992,305114,92.52731245447924,5.085233333333333
71pEiUWwfDFiRO6RmFpnBf,MOJAITA,J Balvin,75,2019-06-28,0.45,0.842,0,-3.602,1,0.885,172.069,187333,92.52731245447924,3.1222166666666666
7f5trao56t7sB7f14QDTmp,Juicy (feat. Tyga),Doja Cat,75,2019-11-07,0.786,0.652,0,-2.607,1,0.483,170.031,203093,92.52731245447924,3.3848833333333332
3X6KN4WFgPYBETFMMX675P,NIGHTTIME (Interlude),Russ,75,2019-12-13,0.823,0.556,5,-5.883,0,0.879,142,189867,92.52731245447924,3.16445
31m40qBxoj4iMSnQLkq8nP,Netflix & Chill,Fredo,75,2019-11-08,0.859,0.619,6,-9.434,1,0.631,132.01,221818,92.52731245447924,3.6969666666666665
2n1oPHJVMPWJkjgHwVcksY,Must Be,J Hus,75,2019-11-08,0.544,0.677,6,-5.011,1,0.601,90.701,207975,92.52731245447924,3.46625
2SasoXZyv82yYgHiVOvxQn,On God,Kanye West,75,2019-10-25,0.41,0.886,9,-4.413,0,0.393,72.577,136351,92.52731245447924,2.2725166666666667
3f9Mzvd3URfbbIJBX4pz9Z,Phone Numbers,Dominic Fike,75,2019-07-04,0.884,0.539,1,-6.389,0,0.776,85.008,146827,92.52731245447924,2.4471166666666666
6oEVnWKgPqIEPc53OYDNqG,Could've Been (feat. Bryson Tiller),H.E.R.,75,2019-08-30,0.455,0.352,1,-11.733,0,0.407,103.342,252747,92.52731245447924,4.21245
600oiqLkQIJ85HvQGIQWvO,The Last Time,The Script,75,2019-11-08,0.521,0.746,5,-3.421,1,0.15,132.014,196107,92.52731245447924,3.26845
2YJ7tTicU1vUmUjYNJROrv,BOYFREN,LoveLeo,75,2019-11-15,0.842,0.368,1,-7.324,1,0.713,79.96,136956,92.52731245447924,2.2826
3RIgHHpnFKj5Rni1shokDj,Norman fucking Rockwell,Lana Del Rey,75,2019-08-30,0.218,0.215,5,-12.49,1,0.138,76.74,248934,92.52731245447924,4.1489
1ZDmxwg7Lywlx68b7SsJjj,MEGATRON,Nicki Minaj,75,2019-06-21,0.893,0.641,1,-3.051,1,0.771,94.017,190747,92.52731245447924,3.179116666666667
1MCSc1ZxlwV5muFXKocAnW,Barrio,Mahmood,75,2019-08-30,0.804,0.702,11,-6.553,0,0.575,122.027,165246,92.52731245447924,2.7541
1qMx707PFdFXdwLvcUTNz3,Non Avere Paura,Tommaso Paradiso,75,2019-09-25,0.568,0.678,0,-6.185,1,0.241,104.992,247478,92.52731245447924,4.124633333333334
22zxLxXlXrBIm7XaazHNrg,Hold On (feat. Michel Zitron),Martin Garrix,75,2019-12-27,0.422,0.711,2,-4.809,0,0.321,128.066,244453,92.52731245447924,4.074216666666667
3H7ihDc1dqLriiWXwsc2po,Breaking Me,Topic,75,2019-12-19,0.789,0.72,8,-5.652,0,0.664,122.031,166794,92.52731245447924,2.7799
6X0XdIcgwfVa9orJnDMQB0,Parabéns,Pabllo Vittar,75,2019-10-17,0.723,0.856,1,-5.596,1,0.688,170.106,136844,92.52731245447924,2.2807333333333335
49pu85144Xir6PgWjeyJhG,Flor Que Se Cheira - Ao Vivo,Guilherme & Benuto,75,2019-03-18,0.68,0.759,2,-5.254,0,0.797,117.827,161375,92.52731245447924,2.689583333333333
3OTSBoYKO7HzGVj8Bu2OH9,All the Time,Zara Larsson,74,2019-06-21,0.665,0.799,6,-2.868,0,0.5,101.976,228112,91.52221412964312,3.8018666666666667
6pooRNiLyYpxZeIA5kJ5EX,Good Things Fall Apart (with Jon Bellion),ILLENIUM,74,2019-05-13,0.643,0.594,2,-5.453,1,0.442,144.033,216668,91.52221412964312,3.6111333333333335
4YhN72dRYL2Z3MsaKyT7rS,Stay (Don't Go Away) [feat. Raye],David Guetta,74,2019-05-09,0.669,0.797,9,-5.68,0,0.552,119.865,185943,91.52221412964312,3.09905
5uHl2eYaITSX6xEX8bmaXy,Adios,EVERGLOW,74,2019-08-19,0.633,0.706,10,-5.137,0,0.399,128.187,189147,91.52221412964312,3.15245
7bsqRe39lKOYX45FZpzP9o,Fuera De Mi Mente,Lérica,74,2019-11-05,0.741,0.94,1,-2.068,1,0.702,93.994,181433,91.52221412964312,3.0238833333333335
1HpzOCZbNWzxvvXfSGtSrX,Find U Again (feat. Camila Cabello),Mark Ronson,74,2019-05-30,0.605,0.664,8,-7.162,1,0.164,103.997,176417,91.52221412964312,2.9402833333333334
2plLJpUcYPFrl1sW2pMG63,Lights Up,Harry Styles,74,2019-10-11,0.585,0.62,3,-8.09,0,0.281,101.939,172227,91.52221412964312,2.87045
0LcNMuOiULmxJK3bdHTfDF,Missing You,The Vamps,74,2019-04-19,0.537,0.647,2,-7.37,1,0.531,79.77,214987,91.52221412964312,3.5831166666666667
2x3HyOx0Jd9MnlnAQRtIL3,Kissing Other People,Lennon Stella,74,2019-11-01,0.699,0.663,2,-5.697,1,0.379,94.042,161627,91.52221412964312,2.693783333333333
3707IBa4HnS3zDDoWfeUBl,I Warned Myself,Charlie Puth,74,2019-08-21,0.488,0.311,10,-11.467,0,0.579,184.112,159783,91.52221412964312,2.66305
1Pj5oOFzLYELyyeh1IYRK0,Undrunk,FLETCHER,74,2019-08-16,0.613,0.579,5,-6.484,1,0.551,91.863,183428,91.52221412964312,3.0571333333333333
0eHFPf7gom9ztF7Jc6FP6C,What I Please (feat. Denzel Curry),Smokepurpp,74,2019-12-11,0.803,0.709,10,-8.164,0,0.54,139.877,140591,91.52221412964312,2.343183333333333
4B7fTyj1FIPvP9tT5X3DnR,Behind Barz - Bonus,Drake,74,2019-09-13,0.854,0.554,8,-4.684,1,0.272,142.069,163121,91.52221412964312,2.7186833333333333
2B9wgj9XzbJZLty03PRbVo,Bezerk (feat. A$AP Ferg),Big Sean,74,2019-08-26,0.684,0.687,2,-4.673,1,0.265,184.026,151067,91.52221412964312,2.5177833333333335
2B1hRfTwS9HtP1MxAma1nu,STAR,Nimo,74,2019-12-19,0.797,0.802,5,-4.797,0,0.637,108.048,162173,91.52221412964312,2.7028833333333333
4ktwDUoKdVlk50lUlSIMEY,Swish,Summer Cem,74,2019-11-08,0.761,0.715,1,-6.689,1,0.655,174.042,193253,91.52221412964312,3.2208833333333335
7CzSP7spDpZBP8edbtPIwI,Unnormal,RAF Camora,74,2019-11-01,0.658,0.73,10,-6.002,0,0.447,88.894,199875,91.52221412964312,3.33125
0b9tA3TNHCzfbTh9mGloNx,Seele,Azet,74,2019-11-06,0.933,0.524,11,-6.418,0,0.296,102.014,134799,91.52221412964312,2.24665
2L0H5LWEuIAvrzfzTruyCB,Tiffany,Shindy,74,2019-12-06,0.796,0.631,1,-7.343,1,0.534,155.985,178649,91.52221412964312,2.9774833333333333
5wfyoR8XOkw45QRtFOoxyi,Professor X,Dave,74,2019-09-13,0.891,0.675,2,-6.892,1,0.562,127.012,217705,91.52221412964312,3.628416666666667
1KjQPDJQCUuqDj3AmfSBCa,CAPO,NLE Choppa,74,2019-03-22,0.617,0.953,2,-4.162,1,0.594,154.964,192200,91.52221412964312,3.203333333333333
0OsYwz3SCLD98IvWfdLeRQ,Shotta Flow 3,NLE Choppa,74,2019-07-19,0.722,0.716,8,-5.258,0,0.799,128,181238,91.52221412964312,3.0206333333333335
4KilYheWwxakB1L43ECTeP,Gigolò (feat. Sfera Ebbasta & Capo Plaza),Lazza,74,2019-10-03,0.795,0.634,5,-8.771,0,0.39,97.512,164302,91.52221412964312,2.738366666666667
5mn8bU8IjYqr8ZqTDmLtSO,Bossoli,Shiva,74,2019-09-05,0.825,0.655,5,-8.475,0,0.8,145.045,178759,91.52221412964312,2.9793166666666666
4tchNSV4eZQ9vG4GNA4iJa,Holly & Benji (feat. Capo Plaza & Shiva),AVA,74,2019-12-13,0.42,0.787,11,-6.206,0,0.498,78.44,220127,91.52221412964312,3.6687833333333333
7gRPkCEa3YMaxET5ZYT7Ni,occh1 purpl3 - feat. Marracash,tha Supreme,74,2019-11-15,0.66,0.809,2,-4.837,1,0.547,133.922,187822,91.52221412964312,3.1303666666666667
5KFx45L84KmBINWLh6TEiL,Demasiado Tarde,Micro Tdh,74,2019-11-11,0.823,0.556,6,-7.141,1,0.557,129.985,271548,91.52221412964312,4.5258
0uIfrUwwg0Z7KTitul7E3T,YO LE LLEGO,J Balvin,74,2019-06-28,0.785,0.792,9,-4.695,0,0.528,155.036,249600,91.52221412964312,4.16
2J3jxgfp6GWoBsMPIa20oC,Gan-Ga,Bryant Myers,74,2019-07-26,0.856,0.523,6,-7.5,0,0.378,89.912,194700,91.52221412964312,3.245
3YntiCUU0Xqq0B68FM3YAt,Rutina,Myke Towers,74,2019-12-13,0.834,0.75,1,-2.799,1,0.858,95.98,217227,91.52221412964312,3.62045
5PDoWY5Av2Ba3rWIdY9Ij0,Party (feat. A Boogie Wit da Hoodie),Paulo Londra,74,2019-09-26,0.906,0.672,10,-6.771,0,0.793,105.977,210316,91.52221412964312,3.5052666666666665
4pCEIQ6wBVuaJdER5bALtO,That's a Rack,Lil Uzi Vert,74,2019-04-09,0.852,0.432,1,-8.04,0,0.258,140.042,236571,91.52221412964312,3.94285
30cW9fD87IgbYFl8o0lUze,Perfect (feat. Haris),Lucas & Steve,74,2019-10-11,0.751,0.657,6,-4.642,1,0.532,118.029,176517,91.52221412964312,2.94195
3c7U2Kj8YL8BquVmEhybCR,Si por mi fuera,Beret,74,2019-10-21,0.701,0.748,2,-5.717,1,0.875,150.078,208824,91.52221412964312,3.4804
3bDD7GGvIzAZeHz2TOYD3A,Mami,Piso 21,74,2019-08-09,0.718,0.695,4,-4.067,0,0.692,177.909,229504,91.52221412964312,3.825066666666667
1Kjer1JoWuJGNwGV6Pbgv1,Cristina,Sebastian Yatra,74,2019-03-22,0.649,0.502,5,-4.368,1,0.695,87,202040,91.52221412964312,3.3673333333333333
00Ia46AgCNfnXjzgH8PIKH,Latina (feat. Maluma),Reykon,74,2019-05-31,0.826,0.713,9,-4.017,0,0.75,102.071,226739,91.52221412964312,3.778983333333333
07L6tEZIfCX3GZAWCpGj0e,22,TINI,74,2019-05-03,0.704,0.643,1,-4.705,0,0.806,176.038,159188,91.52221412964312,2.6531333333333333
3AnFYXJMTNJtQUwsJWmTK4,Mañana Es Too Late,Jesse & Joy,74,2019-04-12,0.71,0.772,11,-3.291,0,0.867,183.957,195213,91.52221412964312,3.25355
6ifUES3keWjwXgae8pXI3o,Me Rehúso,Danny Ocean,74,2019-03-22,0.744,0.804,1,-6.327,1,0.426,104.823,205715,91.52221412964312,3.4285833333333335
2vrpcQNg6itmgVZWsNjWe0,Un Año,Sebastian Yatra,74,2019-04-12,0.773,0.378,1,-7.062,0,0.513,94.946,163813,91.52221412964312,2.7302166666666667
1abFkY2jm6KDFMZ7RD9YJh,Painkiller,Ruel,74,2019-04-30,0.675,0.414,5,-6.508,1,0.439,128.927,213598,91.52221412964312,3.5599666666666665
2QrXzOqLCVDRZHkToA0tSR,Never Go Back,Dennis Lloyd,74,2019-02-15,0.421,0.653,9,-4.85,0,0.733,78.6,175424,91.52221412964312,2.9237333333333333
4yb5Z9dwnKhO9gC0AZQYDe,Boomshakalaka,Dimitri Vegas & Like Mike,74,2019-11-29,0.727,0.824,1,-2.983,1,0.805,96.063,211920,91.52221412964312,3.532
4tRFdhdqMUkGfnAkis3lNv,Eres Tú,Matisse,74,2019-04-05,0.566,0.486,9,-8.583,1,0.349,145.923,218232,91.52221412964312,3.6372
6EWWkqE4aFlZRyoFwwOT8u,Pa Los Gustos Los Colores,Javiielo,74,2019-08-17,0.742,0.684,9,-5.828,1,0.411,80.034,139810,91.52221412964312,2.3301666666666665
1IDFcb3cjkj2dhv3UaxX9b,De Tranquilote,Danny Romero,74,2019-06-28,0.682,0.669,2,-7.15,1,0.889,79.929,177208,91.52221412964312,2.9534666666666665
660eekzsNZ7sdATvfIsAkR,"Fuego (with Sean Paul & Anitta, feat. Tainy)",DJ Snake,74,2019-07-25,0.819,0.859,8,-6.264,1,0.612,104.906,195429,91.52221412964312,3.25715
7cz506PyIgh2bMN90Mc8Tn,Boasty (feat. Idris Elba),Wiley,74,2019-01-22,0.887,0.765,2,-5.207,1,0.456,102.958,177186,91.52221412964312,2.9531
1ghvzmzpx2nnrbx7wtpMgo,Cyber Sex,Doja Cat,74,2019-11-07,0.917,0.657,8,-5.716,1,0.818,131.03,165733,91.52221412964312,2.7622166666666668
6xW2g0c5uSoa3S6xk9eI4j,W (feat. Gunna),Koffee,74,2019-11-26,0.856,0.721,6,-6.813,0,0.902,100.98,230151,91.52221412964312,3.83585
7oBW80497A8axagr4aC9U6,Finer Things,Polo G,74,2019-06-07,0.506,0.45,2,-12.565,1,0.131,177.978,182387,91.52221412964312,3.0397833333333333
5lN7UtvhpwEHzifSjKw3z2,Woah (feat. D3Mstreet),KRYPTO9095,74,2019-03-29,0.888,0.522,1,-8.936,1,0.623,144.011,123373,91.52221412964312,2.056216666666667
5zXmmhtXrhDbYnScaYpqZg,Imported (with 6LACK),Jessie Reyez,74,2019-04-09,0.726,0.636,7,-3.615,1,0.362,111.097,225040,91.52221412964312,3.7506666666666666
1opARDDYaOeE1QUdwXmBGu,Caught Up (feat. Khalid),Majid Jordan,74,2019-07-24,0.678,0.438,9,-8.847,0,0.501,81.498,247546,91.52221412964312,4.125766666666666
1PoJXULCvl03b1fiZmMxmd,On The Low,Burna Boy,74,2019-07-25,0.816,0.781,1,-4.237,0,0.937,99.95,185899,91.52221412964312,3.098316666666667
5ug4vqGZ3eisGhY1IsziNX,Best Part of Me (feat. YEBBA),Ed Sheeran,74,2019-07-05,0.565,0.242,2,-8.367,1,0.237,81.657,243267,91.52221412964312,4.05445
6w8pFOKn42O418qwcQElZ3,Waves,Dean Lewis,74,2019-03-22,0.518,0.729,11,-7.193,0,0.343,156.879,240013,91.52221412964312,4.000216666666667
1TQXIltqoZ5XXyfCbAeSQQ,Dancing With Your Ghost,Sasha Sloan,74,2019-06-28,0.629,0.327,11,-8.285,1,0.381,74.953,197732,91.52221412964312,3.295533333333333
0NRP5OIrTcgGvttJlSLO0n,Até o céu,Anitta,74,2019-12-20,0.628,0.874,1,-1.818,0,0.691,81.967,166829,91.52221412964312,2.780483333333333
7nDFTHHwfe32a8qdp9XqPy,False Confidence,Noah Kahan,74,2019-06-14,0.414,0.663,6,-7.77,1,0.33,108.98,223400,91.52221412964312,3.723333333333333
1iiehnBysGi59zXYXIuKQD,I Hope You’re Happy Now,Carly Pearce,74,2019-09-27,0.591,0.815,10,-4.725,1,0.306,118.024,198689,91.52221412964312,3.3114833333333333
23zJcKwLf5CeaKVbFhrWgF,A Palé,ROSALÍA,74,2019-11-07,0.63,0.409,0,-8.83,0,0.332,122.848,143773,91.52221412964312,2.3962166666666667
6dPyzkyZwoj9LqjQXOFdVv,Press,Cardi B,74,2019-05-31,0.888,0.525,1,-5.665,1,0.243,133.983,143792,91.52221412964312,2.396533333333333
0sHc1EEeOnmgjP6QmsR7px,Should've Said It,Camila Cabello,74,2019-12-06,0.666,0.549,5,-5.781,0,0.596,98.014,200626,91.52221412964312,3.3437666666666668
6hLkeOMrhZ2CMLBp2of576,Wanted,OneRepublic,74,2019-09-06,0.668,0.534,1,-6.586,1,0.711,145.816,136248,91.52221412964312,2.2708
6S5dMjMifQYmyTu1mX4f8P,Blame,Bryson Tiller,74,2019-07-26,0.73,0.38,11,-8.558,0,0.323,114.973,127029,91.52221412964312,2.11715
3kySOLOrkLeOPvu3HXEgVz,Teu Segredo - Ao Vivo,Vou pro Sereno,74,2019-08-30,0.5,0.672,9,-7.363,1,0.538,80.479,182861,91.52221412964312,3.0476833333333335
1AfNdxHdE4OLcnQUyC6j3i,Eterna Sacanagem,MC JottaPê,74,2019-10-18,0.558,0.675,8,-4.564,1,0.769,92.678,168800,91.52221412964312,2.8133333333333335
6aoGtdWXBkYQ2O2wnyIz2x,Not Ok,Kygo,73,2019-05-23,0.618,0.66,11,-8.14,0,0.408,105,210944,90.721048798252,3.5157333333333334
7JCi89HGiURxFpr6NITY7q,Snapping,CHUNG HA,73,2019-06-24,0.751,0.726,8,-3.499,0,0.581,104.914,213164,90.721048798252,3.5527333333333333
40nPimvmG05WYS7983bawZ,Cry for Me,Camila Cabello,73,2019-10-04,0.721,0.805,9,-4.134,0,0.653,118.058,189133,90.721048798252,3.1522166666666664
7DoNtK2gVFRwJh0hkHe5wQ,Easy,Camila Cabello,73,2019-12-06,0.574,0.593,4,-5.731,0,0.355,128.073,194686,90.721048798252,3.2447666666666666
2ogKhhoMClkFXek7ZgxAhN,Shameless,Camila Cabello,73,2019-12-06,0.377,0.651,4,-5.437,0,0.0851,129.698,219742,90.721048798252,3.6623666666666668
3AHqaOkEFKZ6zEHdiplIv7,Tokyo Drifting (with Denzel Curry),Glass Animals,73,2019-11-13,0.708,0.496,8,-8.175,0,0.412,128.914,217693,90.721048798252,3.628216666666667
2vdBo4ALPYbHRUPKgtE5iC,ghostin,Ariana Grande,73,2019-02-08,0.287,0.364,9,-8.295,1,0.11,103.777,271467,90.721048798252,4.52445
78rFhTXf81WtRS7Ubl2f4V,Lucky,Chelsea Cutler,73,2019-11-01,0.78,0.261,2,-9.626,1,0.639,92.107,148987,90.721048798252,2.4831166666666666
2flxduIqEbsicdmPyj1WVW,Imagination,Foster The People,73,2019-06-21,0.744,0.642,2,-4.6,0,0.63,94.988,256267,90.721048798252,4.271116666666667
050ud0e5cmIYjmXplDugVQ,Ready Set (feat. Big Sean),Kash Doll,73,2019-10-18,0.849,0.62,4,-5.921,0,0.481,96.005,165375,90.721048798252,2.75625
4DkZDzcHicZBXCEdA19oWs,Big Drip,Fivio Foreign,73,2019-11-13,0.814,0.661,0,-6.453,1,0.474,139.956,168307,90.721048798252,2.8051166666666667
1faIb3PPSzEifCHUOJ691R,Broke As Fuck,YBN Cordae,73,2019-07-26,0.616,0.669,1,-5.791,1,0.275,154.056,196112,90.721048798252,3.2685333333333335
4HPTladgOGcGzleMR3I0FK,Carbonated Water,Ski Mask The Slump God,73,2019-10-31,0.938,0.559,10,-6.734,1,0.76,119.901,141040,90.721048798252,2.3506666666666667
69eXHDgEEQ6itzt03E7fKz,Cravin (feat. G-Eazy),DaniLeigh,73,2019-10-18,0.834,0.538,4,-5.54,0,0.536,97.025,178907,90.721048798252,2.9817833333333335
694vvR5o19xHPhhJ5QdLN7,NO HALO,BROCKHAMPTON,73,2019-08-23,0.643,0.573,4,-7.034,1,0.47,165.192,259747,90.721048798252,4.329116666666667
4isVKxoLiuaSROsXno2XWq,Puls steigt,Capo,73,2019-12-20,0.702,0.604,2,-7.28,0,0.383,96.035,165002,90.721048798252,2.7500333333333336
22XKrkW2HeaLlxNDQs14iG,1000 Hits,Jamule,73,2019-10-31,0.899,0.624,6,-6.729,0,0.751,132.05,156533,90.721048798252,2.6088833333333334
1IikW5aCjY08gagX94j3fJ,Hauseingang,Pashanim,73,2019-12-18,0.549,0.396,8,-8.435,0,0.284,79.559,141452,90.721048798252,2.3575333333333335
4jiCUUfjuJoG03gnw3jj1r,Twerk (con Boro Boro),MamboLosco,73,2019-09-11,0.906,0.525,9,-7.482,1,0.365,96.005,152440,90.721048798252,2.5406666666666666
563yuGweEqRVQtjfsDVRyK,Não Me Sinto Mal Mais,Sidoka,73,2019-10-18,0.814,0.665,9,-7.87,1,0.326,126.027,265356,90.721048798252,4.4226
0e0BqjHEcb6pJAVJ7WZA7V,Si Me Gano Un Grammy,Jon Z,73,2019-11-16,0.812,0.63,4,-5.789,0,0.459,99.739,146409,90.721048798252,2.44015
5J64qSSq0VZuh0CiI9o9Nq,Tú No Amas,Mambo Kingz,73,2019-06-19,0.803,0.589,11,-5.889,1,0.562,140.057,273321,90.721048798252,4.55535
6MbSMSXrSlvsyHf4kcaLQi,No Puedo,Paulo Londra,73,2019-05-23,0.792,0.68,5,-5.392,0,0.519,140.041,175029,90.721048798252,2.91715
3iQOfefMGDVDwo8dZoco8T,Porfa,Feid,73,2019-12-13,0.843,0.549,6,-8.018,0,0.541,83.982,233000,90.721048798252,3.8833333333333333
4t8YQE2FIpTIq9SxeuOuuP,Dime Cuantas Veces,Micro Tdh,73,2019-04-30,0.753,0.572,5,-6.062,0,0.752,200.007,213960,90.721048798252,3.566
1Hd2XLitkt1PYCWSbfF5qV,Wish Wish (feat. Cardi B & 21 Savage),DJ Khaled,73,2019-05-17,0.861,0.666,8,-5.18,0,0.853,145.041,202625,90.721048798252,3.377083333333333
2eZjO58Qe9og2xmyfw4qwJ,Ludens,Bring Me The Horizon,73,2019-11-06,0.295,0.679,1,-6.182,1,0.381,197.964,280152,90.721048798252,4.6692
2swZ0X1njeU32SNJeBKIfW,Inmortal,Aventura,73,2019-04-05,0.77,0.775,8,-4.65,0,0.848,124.015,256440,90.721048798252,4.274
0cDumxvNKhydP1Cmon2S6E,DOSIS,Dvicio,73,2019-11-01,0.747,0.772,4,-6.363,1,0.782,107.95,219189,90.721048798252,3.65315
28veUNu4veN0LOBVa0nFw8,"Muqabla (From ""Street Dancer 3D"")",Yash Narvekar,73,2019-12-21,0.804,0.913,0,-3.135,1,0.544,119.993,176125,90.721048798252,2.935416666666667
4QVEEOx7TeTA0vQfeP8tgN,Goal,Patron,73,2019-11-13,0.881,0.75,5,-6.341,0,0.461,101.035,194586,90.721048798252,3.2431
5uVgsAzjO6eJR06VPrqUga,Muito Calor,Ozuna,73,2019-07-11,0.814,0.863,9,-2.885,1,0.597,98.048,185147,90.721048798252,3.0857833333333335
51uLQESb4VnYAbs5WtGxho,En Cero,Yandel,73,2019-05-24,0.733,0.782,9,-4.788,1,0.634,93.021,223587,90.721048798252,3.72645
2fOjendzUzepHwR9QrVyYF,La Respuesta,Becky G,73,2019-04-19,0.757,0.832,4,-3.674,0,0.53,180.05,182400,90.721048798252,3.04
3Ey11v2aiX14s4wBaYbhlp,Don't Waste My Time (feat. Ella Mai),Usher,73,2019-12-13,0.701,0.778,2,-5.076,1,0.609,99.956,199720,90.721048798252,3.328666666666667
3eB9M6owEHwk4nNrZRNUwd,Mi Persona Favorita,Alejandro Sanz,73,2019-03-28,0.582,0.659,8,-7.511,1,0.583,155.957,239972,90.721048798252,3.9995333333333334
4EKZsrsCKyqr64FBHLc0DU,Créeme,KAROL G,73,2019-05-03,0.715,0.874,6,-3.576,1,0.652,96.995,214293,90.721048798252,3.57155
07eET3PAzpSz5CLE4wGgN5,Inocente,Myke Towers,73,2019-06-25,0.757,0.748,2,-3.406,0,0.94,173.97,201579,90.721048798252,3.35965
0OoqRZXnSrgIUAha3iLKG1,La Cama,Lunay,73,2019-10-25,0.7,0.904,2,-2.826,0,0.817,173.975,189296,90.721048798252,3.154933333333333
6S1IgeHxxOT9qVWnmsdGxe,Treehouse (feat. Shotty Horroh),James Arthur,73,2019-09-06,0.691,0.733,6,-5.02,1,0.797,153.976,219933,90.721048798252,3.66555
4wuCQX7JvAZLlrcmH4AeZF,Cross Me (feat. Chance the Rapper & PnB Rock),Ed Sheeran,73,2019-07-12,0.746,0.787,4,-6.373,1,0.607,95.005,206187,90.721048798252,3.43645
2Fn4gZI3MAeWTiv7cSVxZQ,Another Place,Bastille,73,2019-11-01,0.685,0.742,8,-5.409,1,0.618,115.008,213511,90.721048798252,3.5585166666666668
2grAr8pWMuLWn8ZYEE9wDV,Never Seen the Rain,Tones and I,73,2019-07-15,0.485,0.461,9,-5.646,1,0.324,87.009,200756,90.721048798252,3.3459333333333334
3xRcQ04b0l5RiU2w7lJhCD,Bad,James Bay,73,2019-05-10,0.549,0.413,4,-5.587,1,0.29,139.981,225920,90.721048798252,3.7653333333333334
3iH29NcCxYgI5shlkZrUoB,gone girl,iann dior,73,2019-11-08,0.677,0.714,11,-5.637,1,0.355,94.956,136568,90.721048798252,2.276133333333333
4EivmOT13NMpNSfTKn9p4s,Like That (feat. Gucci Mane),Doja Cat,73,2019-11-07,0.879,0.499,4,-6.027,0,0.405,106.043,163173,90.721048798252,2.71955
0sqbGUEecNagMilnntIsuZ,Il tuo profumo,Fred De Palma,73,2019-09-13,0.782,0.657,5,-7.592,1,0.303,106.014,160856,90.721048798252,2.6809333333333334
0iRKVjfQzpr41T3WsU7shl,Lento,Boro Boro,73,2019-06-07,0.651,0.864,8,-5.799,0,0.812,181.936,162363,90.721048798252,2.70605
0nxYyX5PIHJqF4VSb4CIFV,All This Love (feat. Harlœ),Robin Schulz,73,2019-05-03,0.469,0.801,5,-5.635,1,0.425,124.068,164797,90.721048798252,2.7466166666666667
65i9Mc7h1CG7ssI1OhMPcT,Onze e Pouquinho,Dilsinho,73,2019-10-18,0.609,0.597,9,-8.881,0,0.746,140.03,180687,90.721048798252,3.01145
2x8TNY9KwNvD19gVGs4WOP,Ela É do Tipo,MC Kevin o Chris,73,2019-03-07,0.632,0.398,6,-6.615,1,0.633,90.695,204931,90.721048798252,3.4155166666666665
5pddmkNwatcLOEqDqj7xEp,Perrengue - Ao Vivo,Gusttavo Lima,73,2019-10-04,0.826,0.866,0,-1.517,1,0.909,123.11,211483,90.721048798252,3.5247166666666665
01wavOnjFBNgdMWBFYIAP4,50 Vezes - Ao Vivo,Sorriso Maroto,73,2019-03-29,0.557,0.657,7,-6.428,1,0.574,147.872,184107,90.721048798252,3.06845
6NgwHmEgfQVIYQBq8QcWMi,Do Copo Eu Vim (feat. Marília Mendonça) - Ao Vivo em Brasília,Diego & Victor Hugo,73,2019-03-08,0.668,0.884,0,-3.239,1,0.707,116.993,144071,90.721048798252,2.4011833333333334
4pnlRYoaaGu24SuC3et5Pv,Saudade em Gotas (feat. Wesley Safadão) - Ao Vivo,Yasmin Santos,73,2019-08-16,0.716,0.828,11,-4.375,1,0.806,124.895,190950,90.721048798252,3.1825
